id,orgId,eventType,source,path,referrer,createdAt,entityType
1,,diagnose_start,vitest,/diagnose,example.com,2026-07-18 11:54:19,org
2,1,org_detail_view,vitest,/org/1,,2026-07-18 11:54:19,org
3,1,org_detail_view,,/org/1,,2026-07-18 11:54:30,org
30001,,diagnose_start,vitest,/diagnose,example.com,2026-07-18 12:01:40,org
30002,1,org_detail_view,vitest,/org/1,,2026-07-18 12:01:40,org
60001,,diagnose_start,vitest,/diagnose,example.com,2026-07-18 12:09:51,org
60002,1,org_detail_view,vitest,/org/1,,2026-07-18 12:09:51,org
90001,,diagnose_start,,/diagnose,,2026-07-18 12:38:48,org
120001,,diagnose_start,vitest,/diagnose,example.com,2026-07-18 12:40:39,org
120002,1,org_detail_view,vitest,/org/1,,2026-07-18 12:40:39,org
150001,,diagnose_start,vitest,/diagnose,example.com,2026-07-18 12:57:15,org
150002,1,org_detail_view,vitest,/org/1,,2026-07-18 12:57:15,org
180001,,diagnose_start,vitest,/diagnose,example.com,2026-07-19 01:35:18,org
180002,1,org_detail_view,vitest,/org/1,,2026-07-19 01:35:19,org
210001,36490,org_detail_view,,/org/36490,,2026-07-19 06:39:08,org
210002,,diagnose_start,vitest,/diagnose,example.com,2026-07-19 06:39:40,org
210003,1,org_detail_view,vitest,/org/1,,2026-07-19 06:39:40,org
240001,30083,org_detail_view,,/org/30083,,2026-07-20 09:49:12,org
270001,30080,org_detail_view,,/org/30080,,2026-07-20 18:45:29,org
300001,30002,org_detail_view,,/org/30002,,2026-07-20 19:42:16,org
330001,30322,org_detail_view,,/org/30322,,2026-07-20 19:45:31,org
360001,30080,org_detail_view,,/org/30080,,2026-07-20 20:00:58,org
390001,30023,org_detail_view,,/org/30023,,2026-07-20 20:13:02,org
420001,30023,org_detail_view,,/org/30023,,2026-07-20 20:24:33,org
450001,31322,org_detail_view,,/org/31322,,2026-07-20 21:28:37,org
480001,30020,org_detail_view,,/org/30020,,2026-07-20 21:47:38,org
510001,30020,org_detail_view,,/org/30020,,2026-07-20 22:00:43,org
540001,31322,org_detail_view,,/org/31322,,2026-07-20 22:19:46,org
570001,31534,org_detail_view,,/org/31534,,2026-07-20 22:43:01,org
600001,34479,org_detail_view,,/org/34479,,2026-07-20 22:47:40,org
630001,31534,org_detail_view,,/org/31534,,2026-07-20 22:56:19,org
660001,37381,org_detail_view,,/org/37381,,2026-07-20 23:02:21,org
690001,34479,org_detail_view,,/org/34479,,2026-07-20 23:15:06,org
690002,30208,org_detail_view,,/org/30208,,2026-07-20 23:15:35,org
720001,37381,org_detail_view,,/org/37381,,2026-07-20 23:36:33,org
750001,30693,org_detail_view,,/org/30693,,2026-07-21 00:17:17,org
780001,30693,org_detail_view,,/org/30693,,2026-07-21 00:36:16,org
810001,33683,org_detail_view,,/org/33683,,2026-07-21 01:17:39,org
840001,33683,org_detail_view,,/org/33683,,2026-07-21 01:31:34,org
870001,30002,org_detail_view,,/org/30002,,2026-07-21 03:02:38,org
900001,30322,org_detail_view,,/org/30322,,2026-07-21 03:49:34,org
930001,,diagnose_start,vitest,/diagnose,example.com,2026-07-21 05:24:38,org
930002,1,org_detail_view,vitest,/org/1,,2026-07-21 05:24:38,org
960001,,diagnose_start,vitest,/diagnose,example.com,2026-07-21 09:42:06,org
960002,1,org_detail_view,vitest,/org/1,,2026-07-21 09:42:06,org
990001,31121,org_detail_view,,/org/31121,,2026-07-21 15:16:50,org
990002,30030,org_detail_view,,/org/30030,,2026-07-21 15:17:27,org
1020001,30747,org_detail_view,,/org/30747,,2026-07-21 15:40:31,org
1050001,30587,org_detail_view,,/org/30587,,2026-07-21 16:45:57,org
1050002,30030,org_detail_view,,/org/30030,,2026-07-21 16:45:57,org
1080001,33367,org_detail_view,,/org/33367,,2026-07-21 17:47:21,org
1110001,38154,org_detail_view,,/org/38154,,2026-07-21 18:10:29,org
1140001,33367,org_detail_view,,/org/33367,,2026-07-21 18:51:10,org
1170001,31603,org_detail_view,,/org/31603,,2026-07-21 20:01:51,org
1200001,33733,org_detail_view,,/org/33733,,2026-07-21 21:15:59,org
1230001,33733,org_detail_view,,/org/33733,,2026-07-21 21:21:11,org
1260001,30018,org_detail_view,,/org/30018,,2026-07-21 22:55:28,org
1290001,30007,org_detail_view,,/org/30007,,2026-07-22 00:15:54,org
1320001,30074,org_detail_view,,/org/30074,,2026-07-22 00:16:50,org
1350001,30007,org_detail_view,,/org/30007,,2026-07-22 02:09:39,org
1380001,34249,org_detail_view,,/org/34249,,2026-07-22 02:19:11,org
1380002,30037,org_detail_view,,/org/30037,,2026-07-22 02:19:46,org
1410001,30017,org_detail_view,,/org/30017,,2026-07-22 02:32:24,org
1440001,30074,org_detail_view,,/org/30074,,2026-07-22 02:47:13,org
1470001,30017,org_detail_view,,/org/30017,,2026-07-22 03:36:41,org
1500001,34249,org_detail_view,,/org/34249,,2026-07-22 04:25:58,org
1530001,36490,org_detail_view,,/org/36490,,2026-07-22 04:54:20,org
1560001,36490,org_detail_view,,/org/36490,,2026-07-22 05:02:43,org
1590001,30298,org_detail_view,,/org/30298,,2026-07-22 05:46:57,org
1590002,30235,org_detail_view,,/org/30235,,2026-07-22 05:46:57,org
1620001,30298,org_detail_view,,/org/30298,,2026-07-22 06:56:04,org
1650001,30235,org_detail_view,,/org/30235,,2026-07-22 08:11:01,org
1680001,30280,org_detail_view,,/org/30280,,2026-07-22 08:15:57,org
1710001,38089,org_detail_view,,/org/38089,,2026-07-22 08:47:06,org
1740001,30280,org_detail_view,,/org/30280,,2026-07-22 09:01:07,org
1770001,38089,org_detail_view,,/org/38089,,2026-07-22 09:48:25,org
1800001,30202,org_detail_view,,/org/30202,,2026-07-22 09:50:27,org
1800002,30257,org_detail_view,,/org/30257,,2026-07-22 09:50:56,org
1830001,30202,org_detail_view,,/org/30202,,2026-07-22 10:16:18,org
1860001,30019,org_detail_view,,/org/30019,,2026-07-22 10:47:00,org
1890001,30019,org_detail_view,,/org/30019,,2026-07-22 10:54:08,org
1920001,30470,org_detail_view,,/org/30470,,2026-07-22 11:42:25,org
1950001,30470,org_detail_view,,/org/30470,,2026-07-22 12:01:08,org
1980001,30146,org_detail_view,,/org/30146,,2026-07-22 16:16:24,org
2010001,38940,org_detail_view,,/org/38940,,2026-07-22 18:01:52,org
2040001,39723,org_detail_view,,/org/39723,,2026-07-22 19:47:18,org
2070001,38940,org_detail_view,,/org/38940,,2026-07-22 20:15:45,org
2100001,32364,org_detail_view,,/org/32364,,2026-07-22 20:30:12,org
2130001,32364,org_detail_view,,/org/32364,,2026-07-22 21:31:36,org
2160001,34479,org_detail_view,,/org/34479,,2026-07-22 22:17:09,org
2190001,,diagnose_start,vitest,/diagnose,example.com,2026-07-23 01:31:40,org
2190002,1,org_detail_view,vitest,/org/1,,2026-07-23 01:31:40,org
2220001,,diagnose_start,vitest,/diagnose,example.com,2026-07-23 01:38:18,org
2220002,1,org_detail_view,vitest,/org/1,,2026-07-23 01:38:18,org
2250001,,diagnose_start,vitest,/diagnose,example.com,2026-07-23 01:59:14,org
2250002,1,org_detail_view,vitest,/org/1,,2026-07-23 01:59:15,org
2280001,,diagnose_start,vitest,/diagnose,example.com,2026-07-23 02:00:06,org
2280002,1,org_detail_view,vitest,/org/1,,2026-07-23 02:00:07,org
2310001,,diagnose_start,,/diagnose,,2026-07-23 04:52:18,org
2310002,38078,org_detail_view,,/org/38078,,2026-07-23 04:52:31,org
2340001,30782,org_detail_view,,/org/30782,,2026-07-23 06:17:25,org
2340002,30782,org_detail_view,,/org/30782,,2026-07-23 06:17:45,org
2340003,30376,org_detail_view,,/org/30376,,2026-07-23 06:18:06,org
2370001,30376,org_detail_view,,/org/30376,,2026-07-23 07:32:48,org
2400001,31442,org_detail_view,,/org/31442,,2026-07-23 09:32:27,org
2400002,31442,org_detail_view,,/org/31442,,2026-07-23 09:33:04,org
2430001,30113,org_detail_view,,/org/30113,,2026-07-23 11:17:29,org
2460001,,diagnose_start,,/diagnose,,2026-07-23 11:29:51,org
2460002,,diagnose_complete,,/diagnose,,2026-07-23 11:30:30,org
2490001,,diagnose_start,,/diagnose,www.google.com,2026-07-23 11:42:11,org
2520001,,diagnose_complete,,/diagnose,www.google.com,2026-07-23 11:54:23,org
2550001,,diagnose_start,,/diagnose,,2026-07-23 12:15:11,org
2550002,,diagnose_complete,,/diagnose,,2026-07-23 12:15:24,org
2580001,30036,org_detail_view,,/org/30036,,2026-07-23 12:20:45,org
2580002,30034,org_detail_view,,/org/30034,,2026-07-23 12:20:50,org
2580003,30034,org_detail_view,,/org/30034,,2026-07-23 12:21:26,org
2610001,30011,org_detail_view,,/org/30011,,2026-07-23 12:32:39,org
2610002,30113,org_detail_view,,/org/30113,,2026-07-23 12:32:54,org
2640001,,diagnose_start,,/diagnose,,2026-07-23 12:45:34,org
2640002,,diagnose_complete,,/diagnose,,2026-07-23 12:46:04,org
2670001,30928,org_detail_view,,/org/30928,,2026-07-23 12:51:38,org
2670002,30087,org_detail_view,,/org/30087,,2026-07-23 12:51:40,org
2700001,30673,org_detail_view,,/org/30673,,2026-07-23 13:41:48,org
2730001,30145,org_detail_view,,/org/30145,,2026-07-23 13:46:48,org
2760001,30659,org_detail_view,,/org/30659,,2026-07-23 14:07:51,org
2790001,,diagnose_start,,/diagnose,www.google.com,2026-07-23 14:16:57,org
2790002,,diagnose_complete,,/diagnose,www.google.com,2026-07-23 14:17:11,org
2790003,38078,org_detail_view,,/org/38078,www.google.com,2026-07-23 14:17:28,org
2820001,30072,org_detail_view,,/org/30072,,2026-07-23 14:30:12,org
2850001,30011,org_detail_view,,/org/30011,,2026-07-23 14:35:52,org
2880001,30008,org_detail_view,,/org/30008,,2026-07-23 16:48:23,org
2910001,30145,org_detail_view,,/org/30145,,2026-07-23 17:08:41,org
2940001,30012,org_detail_view,,/org/30012,,2026-07-23 17:10:38,org
2970001,36773,org_detail_view,,/org/36773,,2026-07-23 17:25:08,org
3000001,30004,org_detail_view,,/org/30004,,2026-07-23 17:35:42,org
3030001,30005,org_detail_view,,/org/30005,,2026-07-23 17:48:34,org
3060001,30011,org_detail_view,,/org/30011,,2026-07-23 18:11:36,org
3090001,30020,org_detail_view,,/org/30020,,2026-07-23 18:29:14,org
3120001,30276,org_detail_view,,/org/30276,,2026-07-23 19:54:55,org
3150001,30018,org_detail_view,,/org/30018,,2026-07-23 20:16:22,org
3180001,30014,org_detail_view,,/org/30014,,2026-07-23 21:31:57,org
3210001,30013,org_detail_view,,/org/30013,,2026-07-23 21:45:28,org
3240001,30017,org_detail_view,,/org/30017,,2026-07-23 21:56:04,org
3270001,30009,org_detail_view,,/org/30009,,2026-07-23 22:10:59,org
3300001,30007,org_detail_view,,/org/30007,,2026-07-23 23:01:12,org
3330001,30016,org_detail_view,,/org/30016,,2026-07-23 23:05:12,org
3360001,30003,org_detail_view,,/org/30003,,2026-07-24 00:56:44,org
3390001,30015,org_detail_view,,/org/30015,,2026-07-24 01:16:33,org
3420001,30001,org_detail_view,,/org/30001,,2026-07-24 01:32:55,org
3450001,30019,org_detail_view,,/org/30019,,2026-07-24 03:38:54,org
3480001,30010,org_detail_view,,/org/30010,,2026-07-24 05:00:38,org
3510001,30002,org_detail_view,,/org/30002,,2026-07-24 06:07:57,org
3540001,30006,org_detail_view,,/org/30006,,2026-07-24 07:00:51,org
3570001,30074,org_detail_view,,/org/30074,www.google.com,2026-07-24 07:43:47,org
3600001,,diagnose_start,,/diagnose,,2026-07-24 09:12:45,org
3600002,,diagnose_complete,,/diagnose,,2026-07-24 09:13:04,org
3600003,38078,org_detail_view,,/org/38078,,2026-07-24 09:13:30,org
3630001,30770,org_detail_view,,/org/30770,,2026-07-24 15:45:10,org
3660001,30770,org_detail_view,,/org/30770,,2026-07-24 15:51:27,org
3690001,30024,org_detail_view,,/org/30024,,2026-07-24 17:08:18,org
3720001,30133,org_detail_view,,/org/30133,,2026-07-24 19:17:27,org
3750001,30027,org_detail_view,,/org/30027,,2026-07-24 19:18:09,org
3780001,30174,org_detail_view,,/org/30174,,2026-07-24 19:41:21,org
3810001,30044,org_detail_view,,/org/30044,,2026-07-24 22:41:04,org
3840001,30098,org_detail_view,,/org/30098,,2026-07-25 00:33:35,org
3870001,38078,org_detail_view,,/org/38078,,2026-07-25 01:40:26,org
3900001,30046,org_detail_view,,/org/30046,,2026-07-25 02:21:09,org
3930001,30078,org_detail_view,,/org/30078,,2026-07-25 02:34:45,org
3960001,30440,org_detail_view,,/org/30440,,2026-07-25 03:14:18,org
3990001,30061,org_detail_view,,/org/30061,,2026-07-25 03:28:49,org
4020001,30118,org_detail_view,,/org/30118,,2026-07-25 05:13:56,org
4050001,30083,org_detail_view,,/org/30083,,2026-07-25 05:44:23,org
4080001,30075,org_detail_view,,/org/30075,,2026-07-25 06:43:26,org
4110001,30094,org_detail_view,,/org/30094,,2026-07-25 06:48:05,org
4140001,30047,org_detail_view,,/org/30047,,2026-07-25 08:33:16,org
4170001,30045,org_detail_view,,/org/30045,,2026-07-25 08:43:50,org
4200001,39207,org_detail_view,,/org/39207,,2026-07-25 14:19:09,org
4230001,32366,org_detail_view,,/org/32366,,2026-07-25 15:15:15,org
4260001,32366,org_detail_view,,/org/32366,,2026-07-25 15:21:10,org
4290001,30033,org_detail_view,,/org/30033,,2026-07-25 18:13:49,org
4320001,30158,org_detail_view,,/org/30158,,2026-07-25 19:02:05,org
4350001,30266,org_detail_view,,/org/30266,,2026-07-25 19:14:35,org
4380001,30023,org_detail_view,,/org/30023,,2026-07-25 22:34:09,org
4410001,30036,org_detail_view,,/org/30036,,2026-07-25 23:02:37,org
4440001,30377,org_detail_view,,/org/30377,,2026-07-26 00:41:06,org
4470001,30034,org_detail_view,,/org/30034,,2026-07-26 03:58:16,org
4500001,30346,org_detail_view,,/org/30346,,2026-07-26 05:12:10,org
4530001,30350,org_detail_view,,/org/30350,,2026-07-26 06:31:34,org
4560001,30364,org_detail_view,,/org/30364,,2026-07-26 08:53:20,org
4590001,39735,org_detail_view,,/org/39735,,2026-07-26 10:55:56,org
4620001,30035,org_detail_view,,/org/30035,,2026-07-26 14:10:51,org
4650001,30193,org_detail_view,,/org/30193,,2026-07-26 16:56:50,org
4680001,30750,org_detail_view,,/org/30750,,2026-07-26 16:58:34,org
4710001,30205,org_detail_view,,/org/30205,,2026-07-26 17:25:26,org
4740001,30336,org_detail_view,,/org/30336,,2026-07-26 17:33:52,org
4770001,30781,org_detail_view,,/org/30781,,2026-07-26 21:11:41,org
4770002,30781,org_detail_view,,/org/30781,,2026-07-26 21:12:16,org
4800001,30074,org_detail_view,,/org/30074,,2026-07-26 23:11:31,org
4830001,38078,org_detail_view,,/org/38078,,2026-07-27 00:51:10,org
4830002,38078,org_detail_view,,/org/38078,,2026-07-27 00:51:33,org
4860001,30241,org_detail_view,,/org/30241,,2026-07-27 04:51:50,org
4890001,38078,org_detail_view,,/org/38078,,2026-07-27 05:19:14,org
4920001,30094,org_detail_view,,/org/30094,,2026-07-27 05:45:24,org
4950001,30241,org_detail_view,,/org/30241,,2026-07-27 05:52:02,org
4980001,38089,org_detail_view,,/org/38089,www.google.com,2026-07-27 07:00:18,org
5010001,30191,org_detail_view,,/org/30191,,2026-07-27 07:20:51,org
5010002,30242,org_detail_view,,/org/30242,,2026-07-27 07:21:18,org
5040001,30845,org_detail_view,,/org/30845,,2026-07-27 16:22:19,org
5070001,30253,org_detail_view,,/org/30253,,2026-07-27 16:25:59,org
5100001,30479,org_detail_view,,/org/30479,,2026-07-27 16:27:35,org
5130001,31457,org_detail_view,,/org/31457,,2026-07-27 16:29:10,org
5130002,30140,org_detail_view,,/org/30140,,2026-07-27 16:29:40,org
5160001,30699,org_detail_view,,/org/30699,,2026-07-27 16:30:26,org
5190001,30129,org_detail_view,,/org/30129,,2026-07-27 16:33:00,org
5190002,31956,org_detail_view,,/org/31956,,2026-07-27 16:33:22,org
5220001,30106,org_detail_view,,/org/30106,,2026-07-27 16:34:39,org
5250001,30134,org_detail_view,,/org/30134,,2026-07-27 16:36:11,org
5280001,30030,org_detail_view,,/org/30030,,2026-07-27 16:39:53,org
5310001,30368,org_detail_view,,/org/30368,,2026-07-27 16:42:45,org
5310002,30679,org_detail_view,,/org/30679,,2026-07-27 16:43:00,org
5310003,30287,org_detail_view,,/org/30287,,2026-07-27 16:43:04,org
5310004,35497,org_detail_view,,/org/35497,,2026-07-27 16:43:19,org
5340001,30038,org_detail_view,,/org/30038,,2026-07-27 16:46:09,org
5340002,32942,org_detail_view,,/org/32942,,2026-07-27 16:46:25,org
5340003,30659,org_detail_view,,/org/30659,,2026-07-27 16:46:54,org
5370001,32190,org_detail_view,,/org/32190,,2026-07-27 16:49:16,org
5370002,30614,org_detail_view,,/org/30614,,2026-07-27 16:49:45,org
5370003,30302,org_detail_view,,/org/30302,,2026-07-27 16:50:10,org
5370004,30268,org_detail_view,,/org/30268,,2026-07-27 16:50:26,org
5400001,30373,org_detail_view,,/org/30373,,2026-07-27 16:58:20,org
5400002,30915,org_detail_view,,/org/30915,,2026-07-27 16:58:47,org
5400003,31031,org_detail_view,,/org/31031,,2026-07-27 16:58:47,org
5430001,30462,org_detail_view,,/org/30462,,2026-07-27 17:03:07,org
5460001,30701,org_detail_view,,/org/30701,,2026-07-27 17:06:06,org
5490001,38235,org_detail_view,,/org/38235,,2026-07-27 17:09:32,org
5520001,31788,org_detail_view,,/org/31788,,2026-07-27 17:11:31,org
5550001,30763,org_detail_view,,/org/30763,,2026-07-27 17:15:34,org
5550002,30244,org_detail_view,,/org/30244,,2026-07-27 17:16:12,org
5580001,31532,org_detail_view,,/org/31532,,2026-07-27 17:17:00,org
5580002,30662,org_detail_view,,/org/30662,,2026-07-27 17:17:28,org
5580003,32965,org_detail_view,,/org/32965,,2026-07-27 17:18:43,org
5610001,31259,org_detail_view,,/org/31259,,2026-07-27 17:21:38,org
5640001,30314,org_detail_view,,/org/30314,,2026-07-27 17:28:23,org
5670001,30782,org_detail_view,,/org/30782,,2026-07-27 17:29:12,org
5670002,32515,org_detail_view,,/org/32515,,2026-07-27 17:29:14,org
5670003,33350,org_detail_view,,/org/33350,,2026-07-27 17:29:24,org
5670004,33795,org_detail_view,,/org/33795,,2026-07-27 17:29:29,org
5700001,35846,org_detail_view,,/org/35846,,2026-07-27 17:31:18,org
5730001,31697,org_detail_view,,/org/31697,,2026-07-27 17:34:14,org
5760001,30249,org_detail_view,,/org/30249,,2026-07-27 17:35:51,org
5790001,30644,org_detail_view,,/org/30644,,2026-07-27 17:39:31,org
5790002,30463,org_detail_view,,/org/30463,,2026-07-27 17:39:41,org
5790003,37094,org_detail_view,,/org/37094,,2026-07-27 17:40:00,org
5790004,30102,org_detail_view,,/org/30102,,2026-07-27 17:40:27,org
5820001,30130,org_detail_view,,/org/30130,,2026-07-27 17:42:41,org
5850001,38661,org_detail_view,,/org/38661,,2026-07-27 17:43:39,org
5880001,30633,org_detail_view,,/org/30633,,2026-07-27 17:45:02,org
5910001,30076,org_detail_view,,/org/30076,,2026-07-27 17:46:22,org
5940001,30330,org_detail_view,,/org/30330,,2026-07-27 17:50:48,org
5970001,33782,org_detail_view,,/org/33782,,2026-07-27 17:52:46,org
5970002,30211,org_detail_view,,/org/30211,,2026-07-27 17:52:52,org
6000001,37167,org_detail_view,,/org/37167,,2026-07-27 17:54:17,org
6000002,31235,org_detail_view,,/org/31235,,2026-07-27 17:54:28,org
6030001,32321,org_detail_view,,/org/32321,,2026-07-27 17:55:43,org
6060001,30417,org_detail_view,,/org/30417,,2026-07-27 17:56:53,org
6060002,30043,org_detail_view,,/org/30043,,2026-07-27 17:57:07,org
6090001,32805,org_detail_view,,/org/32805,,2026-07-27 17:58:16,org
6090002,32186,org_detail_view,,/org/32186,,2026-07-27 17:58:34,org
6120001,31541,org_detail_view,,/org/31541,,2026-07-27 17:59:18,org
6120002,30299,org_detail_view,,/org/30299,,2026-07-27 17:59:33,org
6150001,30457,org_detail_view,,/org/30457,,2026-07-27 18:00:38,org
6180001,37136,org_detail_view,,/org/37136,,2026-07-27 18:03:22,org
6210001,32329,org_detail_view,,/org/32329,,2026-07-27 18:03:26,org
6210002,32741,org_detail_view,,/org/32741,,2026-07-27 18:03:37,org
6240001,30732,org_detail_view,,/org/30732,,2026-07-27 18:07:10,org
6270001,30136,org_detail_view,,/org/30136,,2026-07-27 18:09:06,org
6300001,30146,org_detail_view,,/org/30146,,2026-07-27 18:11:13,org
6330001,30920,org_detail_view,,/org/30920,,2026-07-27 18:13:48,org
6360001,41276,org_detail_view,,/org/41276,,2026-07-27 18:17:46,org
6360002,30950,org_detail_view,,/org/30950,,2026-07-27 18:17:57,org
6390001,30358,org_detail_view,,/org/30358,,2026-07-27 18:19:15,org
6420001,39637,org_detail_view,,/org/39637,,2026-07-27 18:20:39,org
6450001,33683,org_detail_view,,/org/33683,,2026-07-27 18:22:38,org
6480001,34788,org_detail_view,,/org/34788,,2026-07-27 18:23:54,org
6510001,31830,org_detail_view,,/org/31830,,2026-07-27 18:25:40,org
6510002,30126,org_detail_view,,/org/30126,,2026-07-27 18:25:47,org
6540001,31371,org_detail_view,,/org/31371,,2026-07-27 18:26:25,org
6540002,30303,org_detail_view,,/org/30303,,2026-07-27 18:26:43,org
6540003,33420,org_detail_view,,/org/33420,,2026-07-27 18:27:12,org
6540004,30359,org_detail_view,,/org/30359,,2026-07-27 18:27:33,org
6570001,30025,org_detail_view,,/org/30025,,2026-07-27 18:30:02,org
6570002,30048,org_detail_view,,/org/30048,,2026-07-27 18:30:29,org
6600001,31996,org_detail_view,,/org/31996,,2026-07-27 18:31:21,org
6630001,37603,org_detail_view,,/org/37603,,2026-07-27 18:34:12,org
6660001,30324,org_detail_view,,/org/30324,,2026-07-27 18:35:15,org
6660002,30642,org_detail_view,,/org/30642,,2026-07-27 18:35:34,org
6660003,30458,org_detail_view,,/org/30458,,2026-07-27 18:35:36,org
6690001,30257,org_detail_view,,/org/30257,,2026-07-27 18:40:12,org
6720001,30079,org_detail_view,,/org/30079,,2026-07-27 18:42:08,org
6750001,30790,org_detail_view,,/org/30790,,2026-07-27 18:44:05,org
6780001,31096,org_detail_view,,/org/31096,,2026-07-27 18:46:37,org
6810001,33509,org_detail_view,,/org/33509,,2026-07-27 18:51:54,org
6810002,30742,org_detail_view,,/org/30742,,2026-07-27 18:52:56,org
6810003,30082,org_detail_view,,/org/30082,,2026-07-27 18:53:28,org
6840001,35489,org_detail_view,,/org/35489,,2026-07-27 18:53:42,org
6870001,34183,org_detail_view,,/org/34183,,2026-07-27 18:56:59,org
6900001,30081,org_detail_view,,/org/30081,,2026-07-27 18:59:40,org
6930001,30279,org_detail_view,,/org/30279,,2026-07-27 19:02:35,org
6930002,31137,org_detail_view,,/org/31137,,2026-07-27 19:02:51,org
6960001,30075,org_detail_view,,/org/30075,,2026-07-27 19:07:01,org
6990001,31668,org_detail_view,,/org/31668,,2026-07-27 19:11:05,org
7020001,30929,org_detail_view,,/org/30929,,2026-07-27 19:11:52,org
7020002,30720,org_detail_view,,/org/30720,,2026-07-27 19:11:56,org
7020003,31401,org_detail_view,,/org/31401,,2026-07-27 19:12:15,org
7050001,32336,org_detail_view,,/org/32336,,2026-07-27 19:21:21,org
7080001,30522,org_detail_view,,/org/30522,,2026-07-27 19:24:59,org
7110001,30255,org_detail_view,,/org/30255,,2026-07-27 19:26:11,org
7110002,33120,org_detail_view,,/org/33120,,2026-07-27 19:27:23,org
7110003,30824,org_detail_view,,/org/30824,,2026-07-27 19:27:32,org
7140001,38805,org_detail_view,,/org/38805,,2026-07-27 19:28:34,org
7140002,31322,org_detail_view,,/org/31322,,2026-07-27 19:29:05,org
7140003,31206,org_detail_view,,/org/31206,,2026-07-27 19:29:52,org
7140004,30193,org_detail_view,,/org/30193,,2026-07-27 19:30:12,org
7170001,32128,org_detail_view,,/org/32128,,2026-07-27 19:33:24,org
7170002,37674,org_detail_view,,/org/37674,,2026-07-27 19:34:12,org
7170003,39568,org_detail_view,,/org/39568,,2026-07-27 19:34:23,org
7200001,37240,org_detail_view,,/org/37240,,2026-07-27 19:35:15,org
7200002,35390,org_detail_view,,/org/35390,,2026-07-27 19:35:43,org
7200003,30149,org_detail_view,,/org/30149,,2026-07-27 19:36:40,org
7200004,30705,org_detail_view,,/org/30705,,2026-07-27 19:37:09,org
7200005,30755,org_detail_view,,/org/30755,,2026-07-27 19:37:42,org
7230001,30178,org_detail_view,,/org/30178,,2026-07-27 19:41:03,org
7230002,30092,org_detail_view,,/org/30092,,2026-07-27 19:41:32,org
7230003,30095,org_detail_view,,/org/30095,,2026-07-27 19:41:37,org
7260001,30157,org_detail_view,,/org/30157,,2026-07-27 19:42:35,org
7290001,34479,org_detail_view,,/org/34479,,2026-07-27 19:43:26,org
7290002,30855,org_detail_view,,/org/30855,,2026-07-27 19:43:45,org
7290003,30506,org_detail_view,,/org/30506,,2026-07-27 19:44:01,org
7320001,30654,org_detail_view,,/org/30654,,2026-07-27 19:46:17,org
7350001,30335,org_detail_view,,/org/30335,,2026-07-27 19:50:51,org
7350002,30099,org_detail_view,,/org/30099,,2026-07-27 19:51:34,org
7350003,33109,org_detail_view,,/org/33109,,2026-07-27 19:52:05,org
7350004,30809,org_detail_view,,/org/30809,,2026-07-27 19:52:07,org
7380001,40949,org_detail_view,,/org/40949,,2026-07-27 19:53:25,org
7380002,30204,org_detail_view,,/org/30204,,2026-07-27 19:53:53,org
7380003,40192,org_detail_view,,/org/40192,,2026-07-27 19:54:05,org
7380004,40369,org_detail_view,,/org/40369,,2026-07-27 19:54:13,org
7410001,30585,org_detail_view,,/org/30585,,2026-07-27 19:57:30,org
7410002,30053,org_detail_view,,/org/30053,,2026-07-27 19:57:37,org
7440001,38089,org_detail_view,,/org/38089,,2026-07-27 19:58:39,org
7470001,30071,org_detail_view,,/org/30071,,2026-07-27 20:00:01,org
7500001,38940,org_detail_view,,/org/38940,,2026-07-27 20:01:07,org
7530001,38525,org_detail_view,,/org/38525,,2026-07-27 20:06:54,org
7560001,30682,org_detail_view,,/org/30682,,2026-07-27 20:08:45,org
7590001,32418,org_detail_view,,/org/32418,,2026-07-27 20:10:17,org
7620001,30602,org_detail_view,,/org/30602,,2026-07-27 20:12:41,org
7620002,30213,org_detail_view,,/org/30213,,2026-07-27 20:13:21,org
7650001,30777,org_detail_view,,/org/30777,,2026-07-27 20:16:57,org
7680001,30348,org_detail_view,,/org/30348,,2026-07-27 20:17:40,org
7680002,30049,org_detail_view,,/org/30049,,2026-07-27 20:17:59,org
7710001,30889,org_detail_view,,/org/30889,,2026-07-27 20:19:08,org
7710002,30122,org_detail_view,,/org/30122,,2026-07-27 20:20:02,org
7740001,32420,org_detail_view,,/org/32420,,2026-07-27 20:31:04,org
7770001,30142,org_detail_view,,/org/30142,,2026-07-27 20:36:14,org
7800001,31698,org_detail_view,,/org/31698,,2026-07-27 20:38:55,org
7800002,30191,org_detail_view,,/org/30191,,2026-07-27 20:40:13,org
7830001,31729,org_detail_view,,/org/31729,,2026-07-27 20:50:27,org
7860001,30598,org_detail_view,,/org/30598,,2026-07-27 20:59:09,org
7860002,30693,org_detail_view,,/org/30693,,2026-07-27 20:59:24,org
7860003,30494,org_detail_view,,/org/30494,,2026-07-27 21:00:42,org
7890001,30781,org_detail_view,,/org/30781,,2026-07-27 21:09:57,org
7920001,30203,org_detail_view,,/org/30203,,2026-07-27 21:11:20,org
7920002,31747,org_detail_view,,/org/31747,,2026-07-27 21:11:32,org
7950001,30711,org_detail_view,,/org/30711,,2026-07-27 21:15:28,org
7980001,31210,org_detail_view,,/org/31210,,2026-07-27 21:16:46,org
8010001,39723,org_detail_view,,/org/39723,,2026-07-27 21:17:31,org
8040001,30236,org_detail_view,,/org/30236,,2026-07-27 21:23:33,org
8070001,32675,org_detail_view,,/org/32675,,2026-07-27 21:25:38,org
8100001,30111,org_detail_view,,/org/30111,,2026-07-27 21:30:56,org
8130001,30119,org_detail_view,,/org/30119,,2026-07-27 21:31:59,org
8160001,30725,org_detail_view,,/org/30725,,2026-07-27 21:32:58,org
8160002,30413,org_detail_view,,/org/30413,,2026-07-27 21:33:40,org
8190001,33153,org_detail_view,,/org/33153,,2026-07-27 21:38:16,org
8220001,31821,org_detail_view,,/org/31821,,2026-07-27 21:40:28,org
8220002,31033,org_detail_view,,/org/31033,,2026-07-27 21:40:41,org
8220003,30051,org_detail_view,,/org/30051,,2026-07-27 21:40:56,org
8250001,30189,org_detail_view,,/org/30189,,2026-07-27 21:42:16,org
8280001,30280,org_detail_view,,/org/30280,,2026-07-27 21:44:26,org
8280002,30592,org_detail_view,,/org/30592,,2026-07-27 21:44:46,org
8310001,31526,org_detail_view,,/org/31526,,2026-07-27 21:46:38,org
8310002,31189,org_detail_view,,/org/31189,,2026-07-27 21:46:46,org
8340001,30998,org_detail_view,,/org/30998,,2026-07-27 21:49:27,org
8370001,39363,org_detail_view,,/org/39363,,2026-07-27 21:51:33,org
8400001,30415,org_detail_view,,/org/30415,,2026-07-27 21:56:51,org
8400002,38659,org_detail_view,,/org/38659,,2026-07-27 21:57:04,org
8430001,30186,org_detail_view,,/org/30186,,2026-07-27 21:58:44,org
8460001,30470,org_detail_view,,/org/30470,,2026-07-27 22:01:24,org
8490001,30196,org_detail_view,,/org/30196,,2026-07-27 22:02:12,org
8520001,30552,org_detail_view,,/org/30552,,2026-07-27 22:04:26,org
8520002,30515,org_detail_view,,/org/30515,,2026-07-27 22:04:32,org
8520003,30973,org_detail_view,,/org/30973,,2026-07-27 22:04:51,org
8520004,33680,org_detail_view,,/org/33680,,2026-07-27 22:05:20,org
8550001,37456,org_detail_view,,/org/37456,,2026-07-27 22:07:36,org
8550002,30843,org_detail_view,,/org/30843,,2026-07-27 22:08:13,org
8580001,32662,org_detail_view,,/org/32662,,2026-07-27 22:11:05,org
8580002,37145,org_detail_view,,/org/37145,,2026-07-27 22:11:13,org
8580003,30473,org_detail_view,,/org/30473,,2026-07-27 22:11:18,org
8610001,31386,org_detail_view,,/org/31386,,2026-07-27 22:12:12,org
8610002,30703,org_detail_view,,/org/30703,,2026-07-27 22:12:30,org
8610003,31121,org_detail_view,,/org/31121,,2026-07-27 22:12:49,org
8640001,33826,org_detail_view,,/org/33826,,2026-07-27 22:16:21,org
8670001,30516,org_detail_view,,/org/30516,,2026-07-27 22:18:19,org
8670002,30505,org_detail_view,,/org/30505,,2026-07-27 22:18:42,org
8700001,30262,org_detail_view,,/org/30262,,2026-07-27 22:24:46,org
8730001,30404,org_detail_view,,/org/30404,,2026-07-27 22:26:43,org
8760001,30797,org_detail_view,,/org/30797,,2026-07-27 22:27:46,org
8790001,30750,org_detail_view,,/org/30750,,2026-07-27 22:30:16,org
8820001,31381,org_detail_view,,/org/31381,,2026-07-27 22:36:01,org
8820002,30747,org_detail_view,,/org/30747,,2026-07-27 22:36:05,org
8850001,30150,org_detail_view,,/org/30150,,2026-07-27 22:40:00,org
8850002,30267,org_detail_view,,/org/30267,,2026-07-27 22:40:05,org
8880001,33723,org_detail_view,,/org/33723,,2026-07-27 22:42:00,org
8910001,30871,org_detail_view,,/org/30871,,2026-07-27 22:43:12,org
8910002,40921,org_detail_view,,/org/40921,,2026-07-27 22:43:30,org
8940001,31440,org_detail_view,,/org/31440,,2026-07-27 22:46:29,org
8970001,30938,org_detail_view,,/org/30938,,2026-07-27 22:49:24,org
9000001,31075,org_detail_view,,/org/31075,,2026-07-27 22:51:38,org
9030001,30057,org_detail_view,,/org/30057,,2026-07-27 22:57:34,org
9060001,31534,org_detail_view,,/org/31534,,2026-07-27 22:59:58,org
9060002,34877,org_detail_view,,/org/34877,,2026-07-27 23:01:29,org
9090001,30376,org_detail_view,,/org/30376,,2026-07-27 23:02:52,org
9090002,31406,org_detail_view,,/org/31406,,2026-07-27 23:03:30,org
9120001,30145,org_detail_view,,/org/30145,,2026-07-27 23:07:14,org
9150001,31603,org_detail_view,,/org/31603,,2026-07-27 23:08:06,org
9180001,30554,org_detail_view,,/org/30554,,2026-07-27 23:11:00,org
9180002,30475,org_detail_view,,/org/30475,,2026-07-27 23:11:11,org
9180003,30307,org_detail_view,,/org/30307,,2026-07-27 23:11:15,org
9210001,31633,org_detail_view,,/org/31633,,2026-07-27 23:14:04,org
9240001,31379,org_detail_view,,/org/31379,,2026-07-27 23:18:09,org
9270001,30128,org_detail_view,,/org/30128,,2026-07-27 23:20:00,org
9270002,30152,org_detail_view,,/org/30152,,2026-07-27 23:20:27,org
9300001,30220,org_detail_view,,/org/30220,,2026-07-27 23:24:42,org
9330001,34309,org_detail_view,,/org/34309,,2026-07-27 23:25:34,org
9360001,31070,org_detail_view,,/org/31070,,2026-07-27 23:26:19,org
9390001,31173,org_detail_view,,/org/31173,,2026-07-27 23:27:21,org
9420001,30641,org_detail_view,,/org/30641,,2026-07-27 23:33:08,org
9450001,30063,org_detail_view,,/org/30063,,2026-07-27 23:35:32,org
9450002,30247,org_detail_view,,/org/30247,,2026-07-27 23:36:01,org
9450003,30202,org_detail_view,,/org/30202,,2026-07-27 23:36:08,org
9450004,30117,org_detail_view,,/org/30117,,2026-07-27 23:36:31,org
9480001,30058,org_detail_view,,/org/30058,,2026-07-27 23:39:40,org
9510001,31083,org_detail_view,,/org/31083,,2026-07-27 23:44:12,org
9540001,32869,org_detail_view,,/org/32869,,2026-07-27 23:46:40,org
9570001,33565,org_detail_view,,/org/33565,,2026-07-27 23:48:06,org
9600001,30788,org_detail_view,,/org/30788,,2026-07-27 23:50:01,org
9630001,30221,org_detail_view,,/org/30221,,2026-07-27 23:53:02,org
9660001,33900,org_detail_view,,/org/33900,,2026-07-27 23:54:08,org
9690001,30234,org_detail_view,,/org/30234,,2026-07-27 23:58:04,org
9720001,30131,org_detail_view,,/org/30131,,2026-07-28 00:03:40,org
9750001,31508,org_detail_view,,/org/31508,,2026-07-28 00:08:47,org
9780001,32105,org_detail_view,,/org/32105,,2026-07-28 00:13:07,org
9780002,35589,org_detail_view,,/org/35589,,2026-07-28 00:14:48,org
9810001,30379,org_detail_view,,/org/30379,,2026-07-28 00:14:56,org
9840001,30120,org_detail_view,,/org/30120,,2026-07-28 00:16:31,org
9870001,30733,org_detail_view,,/org/30733,,2026-07-28 00:17:39,org
9900001,30096,org_detail_view,,/org/30096,,2026-07-28 00:18:47,org
9900002,39405,org_detail_view,,/org/39405,,2026-07-28 00:19:21,org
9930001,30125,org_detail_view,,/org/30125,,2026-07-28 00:21:15,org
9930002,34863,org_detail_view,,/org/34863,,2026-07-28 00:21:54,org
9960001,30055,org_detail_view,,/org/30055,,2026-07-28 00:26:26,org
9960002,30810,org_detail_view,,/org/30810,,2026-07-28 00:26:36,org
9990001,30116,org_detail_view,,/org/30116,,2026-07-28 00:32:18,org
10020001,30706,org_detail_view,,/org/30706,,2026-07-28 00:35:43,org
10050001,31022,org_detail_view,,/org/31022,,2026-07-28 00:37:00,org
10050002,31719,org_detail_view,,/org/31719,,2026-07-28 00:37:33,org
10050003,38301,org_detail_view,,/org/38301,,2026-07-28 00:37:50,org
10080001,30168,org_detail_view,,/org/30168,,2026-07-28 00:39:36,org
10110001,34627,org_detail_view,,/org/34627,,2026-07-28 00:40:25,org
10140001,31411,org_detail_view,,/org/31411,,2026-07-28 00:44:22,org
10170001,30156,org_detail_view,,/org/30156,,2026-07-28 00:52:18,org
10170002,30073,org_detail_view,,/org/30073,,2026-07-28 00:52:49,org
10170003,30155,org_detail_view,,/org/30155,,2026-07-28 00:53:18,org
10200001,30177,org_detail_view,,/org/30177,,2026-07-28 00:54:08,org
10230001,30108,org_detail_view,,/org/30108,,2026-07-28 00:55:43,org
10260001,30087,org_detail_view,,/org/30087,,2026-07-28 00:57:29,org
10290001,30227,org_detail_view,,/org/30227,,2026-07-28 00:58:22,org
10320001,30484,org_detail_view,,/org/30484,,2026-07-28 01:00:55,org
10350001,30729,org_detail_view,,/org/30729,,2026-07-28 01:02:25,org
10380001,38302,org_detail_view,,/org/38302,,2026-07-28 01:04:23,org
10410001,30052,org_detail_view,,/org/30052,,2026-07-28 01:13:02,org
10410002,30342,org_detail_view,,/org/30342,,2026-07-28 01:13:26,org
10440001,30029,org_detail_view,,/org/30029,,2026-07-28 01:14:43,org
10440002,33955,org_detail_view,,/org/33955,,2026-07-28 01:15:11,org
10440003,31338,org_detail_view,,/org/31338,,2026-07-28 01:15:33,org
10470001,30153,org_detail_view,,/org/30153,,2026-07-28 01:17:03,org
10470002,30072,org_detail_view,,/org/30072,,2026-07-28 01:17:26,org
10500001,31375,org_detail_view,,/org/31375,,2026-07-28 01:21:12,org
10530001,38083,org_detail_view,,/org/38083,,2026-07-28 01:22:28,org
10530002,30159,org_detail_view,,/org/30159,,2026-07-28 01:22:57,org
10560001,30831,org_detail_view,,/org/30831,,2026-07-28 01:25:02,org
10590001,33187,org_detail_view,,/org/33187,,2026-07-28 01:26:26,org
10590002,30171,org_detail_view,,/org/30171,,2026-07-28 01:26:42,org
10620001,30138,org_detail_view,,/org/30138,,2026-07-28 01:28:03,org
10620002,30586,org_detail_view,,/org/30586,,2026-07-28 01:28:38,org
10650001,30225,org_detail_view,,/org/30225,,2026-07-28 01:29:43,org
10680001,36490,org_detail_view,,/org/36490,,2026-07-28 01:34:18,org
10710001,30021,org_detail_view,,/org/30021,,2026-07-28 01:35:42,org
10740001,33733,org_detail_view,,/org/33733,,2026-07-28 01:40:45,org
10740002,30050,org_detail_view,,/org/30050,,2026-07-28 01:41:22,org
10770001,30601,org_detail_view,,/org/30601,,2026-07-28 01:44:55,org
10800001,36432,org_detail_view,,/org/36432,,2026-07-28 01:46:08,org
10830001,30256,org_detail_view,,/org/30256,,2026-07-28 01:47:53,org
10860001,30463,org_detail_view,,/org/30463,,2026-07-28 01:52:14,org
10890001,30124,org_detail_view,,/org/30124,,2026-07-28 01:55:13,org
10920001,34700,org_detail_view,,/org/34700,,2026-07-28 01:58:30,org
10950001,30753,org_detail_view,,/org/30753,,2026-07-28 02:00:49,org
10980001,30519,org_detail_view,,/org/30519,,2026-07-28 02:01:39,org
11010001,30611,org_detail_view,,/org/30611,,2026-07-28 02:04:56,org
11010002,30060,org_detail_view,,/org/30060,,2026-07-28 02:05:11,org
11040001,34161,org_detail_view,,/org/34161,,2026-07-28 02:07:25,org
11070001,30317,org_detail_view,,/org/30317,,2026-07-28 02:09:28,org
11100001,30067,org_detail_view,,/org/30067,,2026-07-28 02:10:50,org
11100002,30928,org_detail_view,,/org/30928,,2026-07-28 02:11:17,org
11130001,30031,org_detail_view,,/org/30031,,2026-07-28 02:12:24,org
11130002,30167,org_detail_view,,/org/30167,,2026-07-28 02:12:54,org
11130003,37652,org_detail_view,,/org/37652,,2026-07-28 02:13:13,org
11160001,30333,org_detail_view,,/org/30333,,2026-07-28 02:14:16,org
11190001,30322,org_detail_view,,/org/30322,,2026-07-28 02:16:42,org
11220001,30080,org_detail_view,,/org/30080,,2026-07-28 02:20:38,org
11250001,30951,org_detail_view,,/org/30951,,2026-07-28 02:22:12,org
11280001,31723,org_detail_view,,/org/31723,,2026-07-28 02:23:23,org
11310001,30565,org_detail_view,,/org/30565,,2026-07-28 02:29:37,org
11340001,35940,org_detail_view,,/org/35940,,2026-07-28 02:35:20,org
11340002,36878,org_detail_view,,/org/36878,,2026-07-28 02:35:40,org
11370001,30059,org_detail_view,,/org/30059,,2026-07-28 02:38:53,org
11400001,32445,org_detail_view,,/org/32445,,2026-07-28 02:41:31,org
11400002,30637,org_detail_view,,/org/30637,,2026-07-28 02:41:40,org
11430001,30748,org_detail_view,,/org/30748,,2026-07-28 02:44:46,org
11430002,31131,org_detail_view,,/org/31131,,2026-07-28 02:44:49,org
11460001,30086,org_detail_view,,/org/30086,,2026-07-28 02:47:05,org
11460002,31634,org_detail_view,,/org/31634,,2026-07-28 02:47:32,org
11490001,30660,org_detail_view,,/org/30660,,2026-07-28 02:51:06,org
11520001,30719,org_detail_view,,/org/30719,,2026-07-28 02:52:52,org
11550001,31108,org_detail_view,,/org/31108,,2026-07-28 02:57:34,org
11550002,31784,org_detail_view,,/org/31784,,2026-07-28 02:57:53,org
11580001,30893,org_detail_view,,/org/30893,,2026-07-28 03:00:05,org
11580002,30771,org_detail_view,,/org/30771,,2026-07-28 03:00:36,org
11610001,32469,org_detail_view,,/org/32469,,2026-07-28 03:05:13,org
11610002,33733,org_detail_view,,/org/33733,www.google.com,2026-07-28 03:05:29,org
11640001,31228,org_detail_view,,/org/31228,,2026-07-28 03:06:54,org
11640002,36713,org_detail_view,,/org/36713,,2026-07-28 03:06:54,org
11670001,30718,org_detail_view,,/org/30718,,2026-07-28 03:10:31,org
11700001,30127,org_detail_view,,/org/30127,,2026-07-28 03:11:25,org
11700002,30449,org_detail_view,,/org/30449,,2026-07-28 03:11:31,org
11730001,30226,org_detail_view,,/org/30226,,2026-07-28 03:15:40,org
11760001,30449,org_detail_view,,/org/30449,,2026-07-28 03:20:45,org
11760002,35711,org_detail_view,,/org/35711,,2026-07-28 03:21:12,org
11790001,30702,org_detail_view,,/org/30702,,2026-07-28 03:24:18,org
11790002,30022,org_detail_view,,/org/30022,,2026-07-28 03:24:22,org
11790003,39049,org_detail_view,,/org/39049,,2026-07-28 03:24:28,org
11820001,30101,org_detail_view,,/org/30101,,2026-07-28 03:28:38,org
11850001,30264,org_detail_view,,/org/30264,,2026-07-28 03:33:15,org
11850002,30673,org_detail_view,,/org/30673,,2026-07-28 03:33:35,org
11880001,30349,org_detail_view,,/org/30349,,2026-07-28 03:35:30,org
11910001,31666,org_detail_view,,/org/31666,,2026-07-28 03:36:59,org
11910002,35304,org_detail_view,,/org/35304,,2026-07-28 03:37:24,org
11940001,34862,org_detail_view,,/org/34862,,2026-07-28 03:43:26,org
11970001,31465,org_detail_view,,/org/31465,,2026-07-28 03:44:24,org
11970002,31155,org_detail_view,,/org/31155,,2026-07-28 03:44:54,org
12000001,32364,org_detail_view,,/org/32364,,2026-07-28 03:50:16,org
12030001,30180,org_detail_view,,/org/30180,,2026-07-28 03:51:31,org
12060001,31521,org_detail_view,,/org/31521,,2026-07-28 03:54:05,org
12060002,33627,org_detail_view,,/org/33627,,2026-07-28 03:54:20,org
12090001,35304,org_detail_view,,/org/35304,,2026-07-28 03:55:43,org
12120001,30944,org_detail_view,,/org/30944,,2026-07-28 04:01:16,org
12150001,30218,org_detail_view,,/org/30218,,2026-07-28 04:04:57,org
12180001,34518,org_detail_view,,/org/34518,,2026-07-28 04:07:15,org
12210001,37381,org_detail_view,,/org/37381,,2026-07-28 04:14:15,org
12210002,31285,org_detail_view,,/org/31285,,2026-07-28 04:14:26,org
12240001,30752,org_detail_view,,/org/30752,,2026-07-28 04:15:45,org
12240002,30336,org_detail_view,,/org/30336,,2026-07-28 04:16:28,org
12240003,32050,org_detail_view,,/org/32050,,2026-07-28 04:16:33,org
12270001,30147,org_detail_view,,/org/30147,,2026-07-28 04:20:49,org
12300001,30496,org_detail_view,,/org/30496,,2026-07-28 04:24:11,org
12330001,31442,org_detail_view,,/org/31442,,2026-07-28 04:25:34,org
12330002,30954,org_detail_view,,/org/30954,,2026-07-28 04:26:02,org
12360001,30135,org_detail_view,,/org/30135,,2026-07-28 04:34:27,org
12360002,30054,org_detail_view,,/org/30054,,2026-07-28 04:34:36,org
12390001,38122,org_detail_view,,/org/38122,,2026-07-28 04:37:08,org
12420001,38129,org_detail_view,,/org/38129,,2026-07-28 04:39:47,org
12450001,30712,org_detail_view,,/org/30712,,2026-07-28 04:46:19,org
12450002,30300,org_detail_view,,/org/30300,,2026-07-28 04:47:00,org
12480001,38734,org_detail_view,,/org/38734,,2026-07-28 04:48:50,org
12510001,30580,org_detail_view,,/org/30580,,2026-07-28 04:51:34,org
12540001,30316,org_detail_view,,/org/30316,,2026-07-28 04:53:47,org
12570001,30113,org_detail_view,,/org/30113,,2026-07-28 04:56:41,org
12600001,30382,org_detail_view,,/org/30382,,2026-07-28 05:01:55,org
12630001,30224,org_detail_view,,/org/30224,,2026-07-28 05:04:27,org
12660001,30587,org_detail_view,,/org/30587,,2026-07-28 05:23:26,org
12690001,30560,org_detail_view,,/org/30560,,2026-07-28 05:30:31,org
12720001,30065,org_detail_view,,/org/30065,,2026-07-28 05:42:06,org
12750001,30768,org_detail_view,,/org/30768,,2026-07-28 05:49:38,org
12780001,30704,org_detail_view,,/org/30704,,2026-07-28 05:50:35,org
12810001,30823,org_detail_view,,/org/30823,,2026-07-28 05:58:48,org
12840001,31627,org_detail_view,,/org/31627,,2026-07-28 06:00:14,org
12870001,30649,org_detail_view,,/org/30649,,2026-07-28 06:01:16,org
12900001,30132,org_detail_view,,/org/30132,,2026-07-28 06:04:23,org
12900002,30056,org_detail_view,,/org/30056,,2026-07-28 06:04:51,org
12930001,30281,org_detail_view,,/org/30281,,2026-07-28 06:09:59,org
12960001,31702,org_detail_view,,/org/31702,,2026-07-28 06:14:11,org
12990001,30495,org_detail_view,,/org/30495,,2026-07-28 06:22:35,org
13020001,32811,org_detail_view,,/org/32811,,2026-07-28 06:27:20,org
13050001,38154,org_detail_view,,/org/38154,,2026-07-28 06:30:14,org
13080001,32808,org_detail_view,,/org/32808,,2026-07-28 06:33:28,org
13110001,31710,org_detail_view,,/org/31710,,2026-07-28 06:41:19,org
13140001,30169,org_detail_view,,/org/30169,,2026-07-28 06:45:29,org
13170001,30028,org_detail_view,,/org/30028,,2026-07-28 06:52:57,org
13200001,34249,org_detail_view,,/org/34249,,2026-07-28 06:54:20,org
13230001,30389,org_detail_view,,/org/30389,,2026-07-28 06:59:28,org
13260001,30430,org_detail_view,,/org/30430,,2026-07-28 07:01:53,org
13290001,30402,org_detail_view,,/org/30402,,2026-07-28 07:05:08,org
13320001,30657,org_detail_view,,/org/30657,,2026-07-28 07:10:04,org
13350001,31474,org_detail_view,,/org/31474,,2026-07-28 07:12:14,org
13380001,30276,org_detail_view,,/org/30276,,2026-07-28 07:14:28,org
13410001,30164,org_detail_view,,/org/30164,,2026-07-28 07:15:11,org
13440001,31705,org_detail_view,,/org/31705,,2026-07-28 07:17:23,org
13440002,30239,org_detail_view,,/org/30239,,2026-07-28 07:18:02,org
13470001,30176,org_detail_view,,/org/30176,,2026-07-28 07:19:03,org
13500001,34571,org_detail_view,,/org/34571,,2026-07-28 07:31:06,org
13530001,30727,org_detail_view,,/org/30727,,2026-07-28 07:32:27,org
13560001,32130,org_detail_view,,/org/32130,,2026-07-28 07:34:02,org
13560002,33805,org_detail_view,,/org/33805,,2026-07-28 07:34:12,org
13590001,34177,org_detail_view,,/org/34177,,2026-07-28 07:38:26,org
13620001,31714,org_detail_view,,/org/31714,,2026-07-28 07:39:23,org
13620002,31857,org_detail_view,,/org/31857,,2026-07-28 07:39:34,org
13650001,34336,org_detail_view,,/org/34336,,2026-07-28 07:45:02,org
13680001,30347,org_detail_view,,/org/30347,,2026-07-28 07:57:21,org
13680002,31524,org_detail_view,,/org/31524,,2026-07-28 07:58:00,org
13710001,37613,org_detail_view,,/org/37613,,2026-07-28 07:59:10,org
13740001,33145,org_detail_view,,/org/33145,,2026-07-28 08:04:44,org
13740002,33396,org_detail_view,,/org/33396,,2026-07-28 08:04:47,org
13770001,30301,org_detail_view,,/org/30301,,2026-07-28 08:13:18,org
13800001,36849,org_detail_view,,/org/36849,,2026-07-28 08:15:08,org
13830001,30591,org_detail_view,,/org/30591,,2026-07-28 08:16:30,org
13860001,31394,org_detail_view,,/org/31394,,2026-07-28 08:20:55,org
13890001,31036,org_detail_view,,/org/31036,,2026-07-28 08:25:21,org
13890002,30064,org_detail_view,,/org/30064,,2026-07-28 08:25:51,org
13920001,30941,org_detail_view,,/org/30941,,2026-07-28 08:27:09,org
13950001,31266,org_detail_view,,/org/31266,,2026-07-28 08:31:48,org
13980001,30068,org_detail_view,,/org/30068,,2026-07-28 08:34:47,org
14010001,36087,org_detail_view,,/org/36087,,2026-07-28 08:36:51,org
14010002,30503,org_detail_view,,/org/30503,,2026-07-28 08:37:34,org
14040001,37176,org_detail_view,,/org/37176,,2026-07-28 08:39:07,org
14070001,30441,org_detail_view,,/org/30441,,2026-07-28 08:39:55,org
14100001,31473,org_detail_view,,/org/31473,,2026-07-28 08:45:42,org
14130001,30862,org_detail_view,,/org/30862,,2026-07-28 08:46:50,org
14160001,32312,org_detail_view,,/org/32312,,2026-07-28 08:47:50,org
14190001,30062,org_detail_view,,/org/30062,,2026-07-28 09:19:16,org
14220001,30231,org_detail_view,,/org/30231,,2026-07-28 09:21:06,org
14250001,31280,org_detail_view,,/org/31280,,2026-07-28 09:22:16,org
14280001,30610,org_detail_view,,/org/30610,,2026-07-28 09:22:57,org
14310001,30205,org_detail_view,,/org/30205,,2026-07-28 09:37:12,org
14310002,30069,org_detail_view,,/org/30069,,2026-07-28 09:37:20,org
14340001,31727,org_detail_view,,/org/31727,,2026-07-28 09:44:41,org
14370001,35180,org_detail_view,,/org/35180,,2026-07-28 09:50:45,org
14400001,31257,org_detail_view,,/org/31257,,2026-07-28 10:04:12,org
14430001,32037,org_detail_view,,/org/32037,,2026-07-28 10:22:39,org
14460001,31313,org_detail_view,,/org/31313,,2026-07-28 10:30:17,org
14490001,30574,org_detail_view,,/org/30574,,2026-07-28 10:31:05,org
14520001,31648,org_detail_view,,/org/31648,,2026-07-28 10:34:38,org
14550001,33561,org_detail_view,,/org/33561,,2026-07-28 10:43:17,org
14550002,32496,org_detail_view,,/org/32496,,2026-07-28 10:43:59,org
14580001,30805,org_detail_view,,/org/30805,,2026-07-28 10:54:44,org
14610001,30383,org_detail_view,,/org/30383,,2026-07-28 10:59:08,org
14610002,30313,org_detail_view,,/org/30313,,2026-07-28 10:59:27,org
14640001,35857,org_detail_view,,/org/35857,,2026-07-28 11:00:17,org
14670001,30344,org_detail_view,,/org/30344,,2026-07-28 11:19:02,org
14700001,31372,org_detail_view,,/org/31372,,2026-07-28 11:28:25,org
14700002,30290,org_detail_view,,/org/30290,,2026-07-28 11:28:39,org
14730001,32217,org_detail_view,,/org/32217,,2026-07-28 11:32:13,org
14760001,30445,org_detail_view,,/org/30445,,2026-07-28 11:38:08,org
14790001,30165,org_detail_view,,/org/30165,,2026-07-28 11:48:23,org
14820001,32299,org_detail_view,,/org/32299,,2026-07-28 11:52:36,org
14850001,30246,org_detail_view,,/org/30246,,2026-07-28 12:01:22,org
14880001,35766,org_detail_view,,/org/35766,,2026-07-28 12:05:39,org
14910001,30320,org_detail_view,,/org/30320,,2026-07-28 12:08:35,org
14940001,33367,org_detail_view,,/org/33367,,2026-07-28 12:14:27,org
14970001,30091,org_detail_view,,/org/30091,,2026-07-28 12:19:51,org
15000001,31739,org_detail_view,,/org/31739,,2026-07-28 12:28:11,org
15000002,37981,org_detail_view,,/org/37981,,2026-07-28 12:28:59,org
15030001,30568,org_detail_view,,/org/30568,,2026-07-28 12:32:48,org
15060001,31053,org_detail_view,,/org/31053,,2026-07-28 13:01:37,org
15060002,39087,org_detail_view,,/org/39087,,2026-07-28 13:02:03,org
15060003,30070,org_detail_view,,/org/30070,,2026-07-28 13:03:59,org
15090001,30042,org_detail_view,,/org/30042,,2026-07-28 13:15:07,org
15120001,34461,org_detail_view,,/org/34461,,2026-07-28 13:27:30,org
15150001,31840,org_detail_view,,/org/31840,,2026-07-28 13:28:10,org
15180001,32955,org_detail_view,,/org/32955,,2026-07-28 13:31:13,org
15210001,31079,org_detail_view,,/org/31079,,2026-07-28 13:53:24,org
15240001,30305,org_detail_view,,/org/30305,,2026-07-28 13:54:29,org
15270001,32014,org_detail_view,,/org/32014,,2026-07-28 13:57:41,org
15300001,30269,org_detail_view,,/org/30269,,2026-07-28 14:04:35,org
15330001,31115,org_detail_view,,/org/31115,,2026-07-28 14:10:50,org
15360001,34098,org_detail_view,,/org/34098,,2026-07-28 14:25:21,org
15390001,30393,org_detail_view,,/org/30393,,2026-07-28 14:29:23,org
15420001,30032,org_detail_view,,/org/30032,,2026-07-28 14:33:51,org
15450001,31868,org_detail_view,,/org/31868,,2026-07-28 15:09:09,org
15480001,33686,org_detail_view,,/org/33686,,2026-07-28 15:22:16,org
15510001,30184,org_detail_view,,/org/30184,,2026-07-28 15:27:02,org
15540001,32885,org_detail_view,,/org/32885,,2026-07-28 17:02:48,org
15570001,30308,org_detail_view,,/org/30308,,2026-07-28 19:14:24,org
15600001,30026,org_detail_view,,/org/30026,,2026-07-28 19:37:40,org
15630001,39632,org_detail_view,,/org/39632,,2026-07-28 19:53:45,org
15660001,30766,org_detail_view,,/org/30766,,2026-07-28 21:08:45,org
15690001,30669,org_detail_view,,/org/30669,,2026-07-28 22:39:08,org
15720001,30298,org_detail_view,,/org/30298,,2026-07-29 03:31:01,org
15750001,40858,org_detail_view,,/org/40858,,2026-07-29 04:10:53,org
15780001,30260,org_detail_view,,/org/30260,,2026-07-29 07:22:23,org
15810001,32527,org_detail_view,,/org/32527,,2026-07-29 08:29:09,org
15840001,36773,org_detail_view,,/org/36773,,2026-07-29 08:35:26,org
15870001,30235,org_detail_view,,/org/30235,,2026-07-29 09:41:47,org
15900001,32151,org_detail_view,,/org/32151,,2026-07-29 17:25:59,org
15930001,30343,org_detail_view,,/org/30343,,2026-07-29 17:50:45,org
15960001,32997,org_detail_view,,/org/32997,,2026-07-29 18:19:48,org
15990001,32561,org_detail_view,,/org/32561,,2026-07-29 18:54:51,org
16020001,41076,org_detail_view,,/org/41076,,2026-07-29 19:03:20,org
16050001,32380,org_detail_view,,/org/32380,,2026-07-29 19:32:57,org
16080001,31877,org_detail_view,,/org/31877,,2026-07-29 19:53:46,org
16110001,39794,org_detail_view,,/org/39794,,2026-07-29 20:16:12,org
16140001,32787,org_detail_view,,/org/32787,,2026-07-29 20:19:17,org
16170001,40713,org_detail_view,,/org/40713,,2026-07-29 22:08:28,org
16200001,30563,org_detail_view,,/org/30563,,2026-07-30 00:23:32,org
16230001,31858,org_detail_view,,/org/31858,,2026-07-30 00:52:59,org
16260001,32589,org_detail_view,,/org/32589,,2026-07-30 02:11:50,org
16290001,30380,org_detail_view,,/org/30380,,2026-07-30 02:33:07,org
16320001,30497,org_detail_view,,/org/30497,,2026-07-30 03:22:18,org
16350001,40830,org_detail_view,,/org/40830,,2026-07-30 04:57:07,org
16380001,40830,org_detail_view,,/org/40830,,2026-07-30 05:11:42,org
16410001,32591,org_detail_view,,/org/32591,,2026-07-30 07:00:11,org
16440001,30567,org_detail_view,,/org/30567,,2026-07-30 07:15:32,org
16470001,,diagnose_start,vitest,/diagnose,example.com,2026-07-30 07:17:05,org
16470002,1,org_detail_view,vitest,/org/1,,2026-07-30 07:17:05,org
16500001,40312,org_detail_view,,/org/40312,,2026-07-30 07:26:39,org
16530001,40952,org_detail_view,,/org/40952,,2026-07-30 07:37:02,org
16560001,40952,org_detail_view,,/org/40952,,2026-07-30 07:48:28,org
16590001,30370,org_detail_view,,/org/30370,,2026-07-30 07:49:28,org
16620001,,diagnose_start,vitest,/diagnose,example.com,2026-07-30 08:05:42,org
16620002,1,org_detail_view,vitest,/org/1,,2026-07-30 08:05:43,org
16650001,30465,org_detail_view,,/org/30465,,2026-07-30 08:19:35,org
16650002,39564,org_detail_view,,/org/39564,,2026-07-30 08:21:00,org
16680001,,diagnose_start,vitest,/diagnose,example.com,2026-07-30 08:35:41,org
16680002,1,org_detail_view,vitest,/org/1,,2026-07-30 08:35:41,org
16710001,,diagnose_start,vitest,/diagnose,example.com,2026-07-30 08:40:17,org
16710002,1,org_detail_view,vitest,/org/1,,2026-07-30 08:40:17,org
16740001,30425,org_detail_view,,/org/30425,,2026-07-30 09:28:50,org
16740002,,diagnose_start,vitest,/diagnose,example.com,2026-07-30 09:29:18,org
16740003,1,org_detail_view,vitest,/org/1,,2026-07-30 09:29:18,org
16740004,38078,org_detail_view,,/org/38078,,2026-07-30 09:29:21,org
16770001,,diagnose_start,vitest,/diagnose,example.com,2026-07-30 09:39:45,org
16770002,1,org_detail_view,vitest,/org/1,,2026-07-30 09:39:45,org
16800001,30001,org_detail_view,,/org/30001,,2026-07-30 10:42:00,org
16800002,30001,org_detail_view,,/org/30001,,2026-07-30 10:42:12,org
16830001,40852,org_detail_view,,/org/40852,,2026-07-30 10:49:24,org
16860001,38078,org_detail_view,,/org/38078,,2026-07-30 10:55:50,org
16890001,,diagnose_start,vitest,/diagnose,example.com,2026-07-30 11:33:27,org
16890002,1,org_detail_view,vitest,/org/1,,2026-07-30 11:33:27,org
16890003,,diagnose_start,vitest,/diagnose,,2026-07-30 11:33:27,org
16890004,,diagnose_start,vitest,/diagnose,example.com,2026-07-30 11:33:40,org
16890005,1,org_detail_view,vitest,/org/1,,2026-07-30 11:33:40,org
16890006,,diagnose_start,vitest,/diagnose,,2026-07-30 11:33:40,org
16920001,,diagnose_start,vitest,/diagnose,example.com,2026-07-30 11:34:28,org
16920002,1,org_detail_view,vitest,/org/1,,2026-07-30 11:34:28,org
16920003,,diagnose_start,vitest,/diagnose,,2026-07-30 11:34:28,org
16920004,,diagnose_start,vitest,/diagnose,,2026-07-30 11:35:07,org
16920005,,diagnose_start,vitest,/diagnose,example.com,2026-07-30 11:35:44,org
16920006,1,org_detail_view,vitest,/org/1,,2026-07-30 11:35:44,org
16920007,38078,org_detail_view,,/org/38078,,2026-07-30 11:36:51,org
16950001,,diagnose_start,vitest,/diagnose,example.com,2026-07-30 11:52:04,org
16950002,1,org_detail_view,vitest,/org/1,,2026-07-30 11:52:05,org
16980001,32014,org_detail_view,,/org/32014,,2026-07-30 13:12:47,org
17010001,30155,org_detail_view,,/org/30155,,2026-07-30 15:25:19,org
17040001,35854,org_detail_view,,/org/35854,,2026-07-30 16:12:26,org
17070001,36796,org_detail_view,,/org/36796,,2026-07-30 16:14:59,org
17100001,38023,org_detail_view,,/org/38023,,2026-07-30 16:32:10,org
17130001,37461,org_detail_view,,/org/37461,,2026-07-30 16:56:13,org
17130002,40706,org_detail_view,,/org/40706,,2026-07-30 16:56:51,org
17130003,39260,org_detail_view,,/org/39260,,2026-07-30 16:57:02,org
17130004,37266,org_detail_view,,/org/37266,,2026-07-30 16:57:20,org
17160001,33344,org_detail_view,,/org/33344,,2026-07-30 17:04:28,org
17190001,39068,org_detail_view,,/org/39068,,2026-07-30 17:06:18,org
17190002,32806,org_detail_view,,/org/32806,,2026-07-30 17:07:10,org
17190003,31840,org_detail_view,,/org/31840,,2026-07-30 17:07:23,org
17220001,38553,org_detail_view,,/org/38553,,2026-07-30 17:25:04,org
17250001,33404,org_detail_view,,/org/33404,,2026-07-30 17:34:19,org
17280001,37787,org_detail_view,,/org/37787,,2026-07-30 17:46:06,org
17310001,38000,org_detail_view,,/org/38000,,2026-07-30 17:55:05,org
17340001,35240,org_detail_view,,/org/35240,,2026-07-30 18:00:03,org
17370001,38198,org_detail_view,,/org/38198,www.google.com,2026-07-30 18:07:02,org
17400001,36895,org_detail_view,,/org/36895,,2026-07-30 18:10:36,org
17430001,30683,org_detail_view,,/org/30683,,2026-07-30 18:16:21,org
17460001,38040,org_detail_view,,/org/38040,,2026-07-30 18:20:18,org
17490001,41150,org_detail_view,,/org/41150,,2026-07-30 18:25:06,org
17520001,30790,org_detail_view,,/org/30790,,2026-07-30 18:29:50,org
17550001,38007,org_detail_view,,/org/38007,,2026-07-30 18:46:21,org
17580001,30790,org_detail_view,,/org/30790,,2026-07-30 18:50:18,org
17610001,33357,org_detail_view,,/org/33357,,2026-07-30 18:51:19,org
17640001,30374,org_detail_view,,/org/30374,,2026-07-30 19:12:42,org
17670001,41379,org_detail_view,,/org/41379,,2026-07-30 19:20:21,org
17700001,36063,org_detail_view,,/org/36063,,2026-07-30 19:25:17,org
17700002,35071,org_detail_view,,/org/35071,,2026-07-30 19:25:37,org
17700003,32576,org_detail_view,,/org/32576,,2026-07-30 19:25:43,org
17700004,38619,org_detail_view,,/org/38619,,2026-07-30 19:25:57,org
17700005,32726,org_detail_view,,/org/32726,,2026-07-30 19:25:59,org
17700006,30548,org_detail_view,,/org/30548,,2026-07-30 19:26:03,org
17700007,31187,org_detail_view,,/org/31187,,2026-07-30 19:26:10,org
17700008,33118,org_detail_view,,/org/33118,,2026-07-30 19:26:12,org
17700009,31303,org_detail_view,,/org/31303,,2026-07-30 19:26:16,org
17700010,34346,org_detail_view,,/org/34346,,2026-07-30 19:26:19,org
17730001,41428,org_detail_view,,/org/41428,,2026-07-30 19:46:22,org
17760001,38514,org_detail_view,,/org/38514,,2026-07-30 19:47:19,org
17790001,36029,org_detail_view,,/org/36029,,2026-07-30 20:03:50,org
17790002,30372,org_detail_view,,/org/30372,,2026-07-30 20:04:11,org
17820001,37998,org_detail_view,,/org/37998,search.yahoo.co.jp,2026-07-30 20:12:58,org
17850001,38692,org_detail_view,,/org/38692,,2026-07-30 20:16:19,org
17880001,35924,org_detail_view,,/org/35924,,2026-07-30 20:38:39,org
17880002,36177,org_detail_view,,/org/36177,,2026-07-30 20:40:43,org
17910001,40471,org_detail_view,,/org/40471,,2026-07-30 20:45:10,org
17940001,40979,org_detail_view,,/org/40979,,2026-07-30 20:46:34,org
17970001,36699,org_detail_view,,/org/36699,,2026-07-30 20:54:51,org
18000001,40860,org_detail_view,,/org/40860,,2026-07-30 20:55:37,org
18030001,31634,org_detail_view,,/org/31634,,2026-07-30 21:03:17,org
18060001,37813,org_detail_view,,/org/37813,,2026-07-30 21:06:08,org
18090001,35097,org_detail_view,,/org/35097,,2026-07-30 21:07:30,org
18120001,31849,org_detail_view,,/org/31849,,2026-07-30 21:26:56,org
18150001,31077,org_detail_view,,/org/31077,,2026-07-30 21:31:22,org
18180001,36029,org_detail_view,,/org/36029,,2026-07-30 21:40:55,org
18210001,32415,org_detail_view,,/org/32415,,2026-07-30 21:43:38,org
18240001,31306,org_detail_view,,/org/31306,,2026-07-30 21:55:41,org
18240002,31605,org_detail_view,,/org/31605,,2026-07-30 21:55:43,org
18240003,38199,org_detail_view,,/org/38199,,2026-07-30 21:56:00,org
18240004,31733,org_detail_view,,/org/31733,,2026-07-30 21:56:06,org
18240005,40639,org_detail_view,,/org/40639,,2026-07-30 21:56:09,org
18240006,32792,org_detail_view,,/org/32792,,2026-07-30 21:56:14,org
18270001,34969,org_detail_view,,/org/34969,,2026-07-30 22:02:13,org
18300001,30658,org_detail_view,,/org/30658,,2026-07-30 22:03:28,org
18300002,37513,org_detail_view,,/org/37513,,2026-07-30 22:03:30,org
18300003,32260,org_detail_view,,/org/32260,,2026-07-30 22:03:39,org
18300004,38869,org_detail_view,,/org/38869,,2026-07-30 22:03:44,org
18300005,34440,org_detail_view,,/org/34440,,2026-07-30 22:03:59,org
18300006,32780,org_detail_view,,/org/32780,,2026-07-30 22:04:03,org
18330001,37053,org_detail_view,,/org/37053,,2026-07-30 22:05:05,org
18360001,34315,org_detail_view,,/org/34315,,2026-07-30 22:13:10,org
18390001,40685,org_detail_view,,/org/40685,,2026-07-30 22:23:49,org
18420001,40204,org_detail_view,,/org/40204,,2026-07-30 22:26:29,org
18450001,30793,org_detail_view,,/org/30793,,2026-07-30 22:47:14,org
18450002,30793,org_detail_view,,/org/30793,,2026-07-30 22:47:20,org
18480001,30940,org_detail_view,,/org/30940,,2026-07-30 22:50:29,org
18510001,31381,org_detail_view,,/org/31381,,2026-07-30 22:51:15,org
18540001,31381,org_detail_view,,/org/31381,,2026-07-30 22:53:31,org
18540002,31805,org_detail_view,,/org/31805,,2026-07-30 22:54:00,org
18570001,36113,org_detail_view,,/org/36113,,2026-07-30 22:56:43,org
18600001,33952,org_detail_view,,/org/33952,,2026-07-30 22:57:20,org
18630001,34168,org_detail_view,,/org/34168,,2026-07-30 23:00:39,org
18660001,34386,org_detail_view,,/org/34386,,2026-07-30 23:02:00,org
18690001,35022,org_detail_view,,/org/35022,,2026-07-30 23:06:58,org
18720001,37265,org_detail_view,,/org/37265,,2026-07-30 23:07:59,org
18750001,37381,org_detail_view,,/org/37381,,2026-07-30 23:09:14,org
18750002,37717,org_detail_view,,/org/37717,,2026-07-30 23:10:33,org
18780001,37999,org_detail_view,,/org/37999,,2026-07-30 23:14:11,org
18810001,38083,org_detail_view,,/org/38083,,2026-07-30 23:18:08,org
18810002,38805,org_detail_view,,/org/38805,,2026-07-30 23:19:14,org
18810003,39141,org_detail_view,,/org/39141,,2026-07-30 23:21:09,org
18840001,39564,org_detail_view,,/org/39564,,2026-07-30 23:23:20,org
18840002,39726,org_detail_view,,/org/39726,,2026-07-30 23:24:27,org
18870001,39816,org_detail_view,,/org/39816,,2026-07-30 23:25:59,org
18870002,40963,org_detail_view,,/org/40963,,2026-07-30 23:26:41,org
18870003,39837,org_detail_view,,/org/39837,,2026-07-30 23:27:38,org
18900001,39868,org_detail_view,,/org/39868,,2026-07-30 23:32:25,org
18930001,39961,org_detail_view,,/org/39961,,2026-07-30 23:35:50,org
18960001,40252,org_detail_view,,/org/40252,,2026-07-30 23:56:25,org
18990001,40627,org_detail_view,,/org/40627,,2026-07-30 23:57:49,org
19020001,40952,org_detail_view,,/org/40952,,2026-07-30 23:59:43,org
19050001,41076,org_detail_view,,/org/41076,,2026-07-31 00:01:00,org
19080001,30748,org_detail_view,,/org/30748,,2026-07-31 00:02:58,org
19110001,30748,org_detail_view,,/org/30748,,2026-07-31 00:04:30,org
19140001,31161,org_detail_view,,/org/31161,,2026-07-31 00:10:17,org
19170001,31439,org_detail_view,,/org/31439,,2026-07-31 00:25:37,org
19170002,37703,org_detail_view,,/org/37703,,2026-07-31 00:25:41,org
19170003,32955,org_detail_view,,/org/32955,,2026-07-31 00:25:54,org
19170004,34473,org_detail_view,,/org/34473,,2026-07-31 00:26:00,org
19170005,38922,org_detail_view,,/org/38922,,2026-07-31 00:26:33,org
19200001,38557,org_detail_view,,/org/38557,search.yahoo.co.jp,2026-07-31 00:30:37,org
19230001,39418,org_detail_view,,/org/39418,,2026-07-31 00:33:27,org
19230002,34992,org_detail_view,,/org/34992,,2026-07-31 00:33:34,org
19230003,39627,org_detail_view,,/org/39627,,2026-07-31 00:33:43,org
19230004,33894,org_detail_view,,/org/33894,,2026-07-31 00:33:48,org
19230005,38664,org_detail_view,,/org/38664,,2026-07-31 00:33:51,org
19260001,35144,org_detail_view,,/org/35144,,2026-07-31 00:49:32,org
19290001,38000,org_detail_view,,/org/38000,,2026-07-31 00:53:45,org
19320001,32545,org_detail_view,,/org/32545,,2026-07-31 00:59:28,org
19350001,33925,org_detail_view,,/org/33925,,2026-07-31 01:00:19,org
19380001,35018,org_detail_view,,/org/35018,,2026-07-31 01:03:01,org
19410001,36567,org_detail_view,,/org/36567,,2026-07-31 01:03:56,org
19410002,36859,org_detail_view,,/org/36859,,2026-07-31 01:05:33,org
19410003,37145,org_detail_view,,/org/37145,,2026-07-31 01:05:51,org
19410004,37981,org_detail_view,,/org/37981,,2026-07-31 01:06:55,org
19410005,38357,org_detail_view,,/org/38357,,2026-07-31 01:08:21,org
19440001,39076,org_detail_view,,/org/39076,,2026-07-31 01:11:13,org
19440002,39422,org_detail_view,,/org/39422,,2026-07-31 01:12:19,org
19470001,39984,org_detail_view,,/org/39984,,2026-07-31 01:13:28,org
19500001,40025,org_detail_view,,/org/40025,,2026-07-31 01:14:41,org
19500002,40352,org_detail_view,,/org/40352,,2026-07-31 01:15:40,org
19530001,40599,org_detail_view,,/org/40599,,2026-07-31 01:16:34,org
19530002,41150,org_detail_view,,/org/41150,,2026-07-31 01:17:44,org
19560001,30016,org_detail_view,,/org/30016,,2026-07-31 01:18:39,org
19560002,30098,org_detail_view,,/org/30098,,2026-07-31 01:19:31,org
19590001,30350,org_detail_view,,/org/30350,,2026-07-31 01:22:07,org
19590002,30519,org_detail_view,,/org/30519,,2026-07-31 01:23:08,org
19620001,30519,org_detail_view,,/org/30519,,2026-07-31 01:24:07,org
19620002,30771,org_detail_view,,/org/30771,,2026-07-31 01:25:01,org
19650001,31105,org_detail_view,,/org/31105,,2026-07-31 01:26:18,org
19650002,31191,org_detail_view,,/org/31191,,2026-07-31 01:26:53,org
19680001,31221,org_detail_view,,/org/31221,,2026-07-31 01:28:09,org
19710001,32010,org_detail_view,,/org/32010,,2026-07-31 01:29:07,org
19740001,32887,org_detail_view,,/org/32887,,2026-07-31 01:30:31,org
19740002,32898,org_detail_view,,/org/32898,,2026-07-31 01:32:21,org
19770001,33057,org_detail_view,,/org/33057,,2026-07-31 01:33:44,org
19800001,33226,org_detail_view,,/org/33226,,2026-07-31 01:35:12,org
19830001,33319,org_detail_view,,/org/33319,,2026-07-31 01:35:55,org
19860001,33447,org_detail_view,,/org/33447,,2026-07-31 01:39:47,org
19890001,33450,org_detail_view,,/org/33450,,2026-07-31 01:41:24,org
19920001,33466,org_detail_view,,/org/33466,,2026-07-31 01:42:43,org
19950001,33610,org_detail_view,,/org/33610,,2026-07-31 01:43:29,org
19980001,33739,org_detail_view,,/org/33739,,2026-07-31 01:45:34,org
20010001,33802,org_detail_view,,/org/33802,,2026-07-31 01:46:11,org
20040001,33931,org_detail_view,,/org/33931,,2026-07-31 01:47:07,org
20070001,34178,org_detail_view,,/org/34178,,2026-07-31 01:48:21,org
20100001,34240,org_detail_view,,/org/34240,,2026-07-31 01:49:54,org
20100002,34425,org_detail_view,,/org/34425,,2026-07-31 01:50:31,org
20100003,34477,org_detail_view,,/org/34477,,2026-07-31 01:51:29,org
20100004,34588,org_detail_view,,/org/34588,,2026-07-31 01:52:37,org
20130001,33319,org_detail_view,,/org/33319,,2026-07-31 01:54:10,org
20130002,34748,org_detail_view,,/org/34748,,2026-07-31 01:54:18,org
20130003,34789,org_detail_view,,/org/34789,,2026-07-31 01:55:03,org
20130004,34981,org_detail_view,,/org/34981,,2026-07-31 01:56:34,org
20130005,35029,org_detail_view,,/org/35029,,2026-07-31 01:58:04,org
20130006,35051,org_detail_view,,/org/35051,,2026-07-31 01:59:19,org
20130007,35192,org_detail_view,,/org/35192,,2026-07-31 01:59:55,org
20130008,35534,org_detail_view,,/org/35534,,2026-07-31 02:01:13,org
20130009,35633,org_detail_view,,/org/35633,,2026-07-31 02:02:17,org
20130010,35687,org_detail_view,,/org/35687,,2026-07-31 02:03:39,org
20130011,36035,org_detail_view,,/org/36035,,2026-07-31 02:04:47,org
20130012,30350,org_detail_view,,/org/30350,,2026-07-31 02:04:55,org
20130013,30350,org_detail_view,,/org/30350,,2026-07-31 02:05:37,org
20130014,36240,org_detail_view,,/org/36240,,2026-07-31 02:06:03,org
20130015,36477,org_detail_view,,/org/36477,,2026-07-31 02:08:06,org
20130016,36671,org_detail_view,,/org/36671,,2026-07-31 02:09:07,org
20160001,36933,org_detail_view,,/org/36933,,2026-07-31 02:11:02,org
20160002,36995,org_detail_view,,/org/36995,,2026-07-31 02:11:32,org
20160003,37327,org_detail_view,,/org/37327,,2026-07-31 02:12:25,org
20190001,32781,org_detail_view,,/org/32781,,2026-07-31 02:16:25,org
20190002,34387,org_detail_view,,/org/34387,,2026-07-31 02:16:32,org
20220001,30350,org_detail_view,,/org/30350,,2026-07-31 02:19:53,org
20250001,37340,org_detail_view,,/org/37340,,2026-07-31 02:21:53,org
20280001,37362,org_detail_view,,/org/37362,,2026-07-31 02:23:20,org
20280002,37549,org_detail_view,,/org/37549,,2026-07-31 02:25:19,org
20280003,36545,org_detail_view,,/org/36545,www.google.com,2026-07-31 02:26:41,org
20310001,37681,org_detail_view,,/org/37681,,2026-07-31 02:27:22,org
20340001,30001,org_detail_view,,/org/30001,,2026-07-31 02:29:08,org
20340002,37703,org_detail_view,,/org/37703,,2026-07-31 02:29:10,org
20370001,37833,org_detail_view,,/org/37833,,2026-07-31 02:30:55,org
20370002,37893,org_detail_view,,/org/37893,,2026-07-31 02:31:44,org
20370003,38143,org_detail_view,,/org/38143,,2026-07-31 02:32:46,org
20400001,38162,org_detail_view,,/org/38162,,2026-07-31 02:34:17,org
20400002,36295,org_detail_view,,/org/36295,www.google.com,2026-07-31 02:34:57,org
20400003,38371,org_detail_view,,/org/38371,,2026-07-31 02:35:08,org
20430001,36995,org_detail_view,,/org/36995,,2026-07-31 02:36:12,org
20430002,38642,org_detail_view,,/org/38642,,2026-07-31 02:36:28,org
20430003,36477,org_detail_view,,/org/36477,,2026-07-31 02:36:48,org
20430004,38675,org_detail_view,,/org/38675,,2026-07-31 02:37:37,org
20430005,38863,org_detail_view,,/org/38863,,2026-07-31 02:38:44,org
20460001,38872,org_detail_view,,/org/38872,,2026-07-31 02:39:33,org
20490001,38963,org_detail_view,,/org/38963,,2026-07-31 02:41:28,org
20490002,39005,org_detail_view,,/org/39005,,2026-07-31 02:42:00,org
20490003,39066,org_detail_view,,/org/39066,,2026-07-31 02:42:44,org
20520001,39096,org_detail_view,,/org/39096,,2026-07-31 02:44:37,org
20520002,39511,org_detail_view,,/org/39511,,2026-07-31 02:45:32,org
20520003,39818,org_detail_view,,/org/39818,,2026-07-31 02:46:03,org
20550001,40039,org_detail_view,,/org/40039,,2026-07-31 02:47:03,org
20580001,40042,org_detail_view,,/org/40042,,2026-07-31 02:47:57,org
20580002,40125,org_detail_view,,/org/40125,,2026-07-31 02:48:57,org
20580003,40240,org_detail_view,,/org/40240,,2026-07-31 02:49:35,org
20580004,40372,org_detail_view,,/org/40372,,2026-07-31 02:51:26,org
20580005,40473,org_detail_view,,/org/40473,,2026-07-31 02:51:56,org
20580006,38353,org_detail_view,,/org/38353,www.google.com,2026-07-31 02:53:02,org
20580007,40655,org_detail_view,,/org/40655,,2026-07-31 02:53:32,org
20610001,40815,org_detail_view,,/org/40815,,2026-07-31 02:54:30,org
20610002,40874,org_detail_view,,/org/40874,,2026-07-31 02:55:11,org
20610003,34903,org_detail_view,,/org/34903,,2026-07-31 02:55:33,org
20610004,30205,org_detail_view,,/org/30205,,2026-07-31 02:55:39,org
20610005,32516,org_detail_view,,/org/32516,,2026-07-31 02:55:53,org
20610006,33099,org_detail_view,,/org/33099,,2026-07-31 02:56:14,org
20610007,40042,org_detail_view,,/org/40042,,2026-07-31 02:57:27,org
20610008,40655,org_detail_view,,/org/40655,,2026-07-31 02:57:36,org
20610009,40954,org_detail_view,,/org/40954,,2026-07-31 02:58:09,org
20610010,41367,org_detail_view,,/org/41367,,2026-07-31 02:58:53,org
20610011,40042,org_detail_view,,/org/40042,,2026-07-31 02:59:11,org
20610012,40042,org_detail_view,,/org/40042,,2026-07-31 02:59:21,org
20610013,41413,org_detail_view,,/org/41413,,2026-07-31 03:00:00,org
20640001,36933,org_detail_view,,/org/36933,,2026-07-31 03:00:59,org
20640002,41431,org_detail_view,,/org/41431,,2026-07-31 03:01:17,org
20640003,33985,org_detail_view,,/org/33985,,2026-07-31 03:02:41,org
20640004,33986,org_detail_view,,/org/33986,,2026-07-31 03:03:07,org
20640005,31187,org_detail_view,,/org/31187,,2026-07-31 03:03:25,org
20640006,33077,org_detail_view,,/org/33077,,2026-07-31 03:03:31,org
20670001,33997,org_detail_view,,/org/33997,,2026-07-31 03:04:44,org
20670002,30346,org_detail_view,,/org/30346,,2026-07-31 03:05:50,org
20700001,33997,org_detail_view,,/org/33997,,2026-07-31 03:06:47,org
20700002,30379,org_detail_view,,/org/30379,,2026-07-31 03:07:01,org
20730001,30809,org_detail_view,,/org/30809,,2026-07-31 03:07:49,org
20760001,40042,org_detail_view,,/org/40042,,2026-07-31 03:08:53,org
20760002,31471,org_detail_view,,/org/31471,,2026-07-31 03:09:22,org
20760003,31653,org_detail_view,,/org/31653,,2026-07-31 03:09:53,org
20790001,31830,org_detail_view,,/org/31830,,2026-07-31 03:10:52,org
20820001,31906,org_detail_view,,/org/31906,,2026-07-31 03:12:29,org
20850001,31937,org_detail_view,,/org/31937,,2026-07-31 03:13:16,org
20850002,32173,org_detail_view,,/org/32173,,2026-07-31 03:14:19,org
20880001,32319,org_detail_view,,/org/32319,,2026-07-31 03:15:09,org
20880002,32517,org_detail_view,,/org/32517,,2026-07-31 03:15:59,org
20910001,32525,org_detail_view,,/org/32525,,2026-07-31 03:17:32,org
20940001,32539,org_detail_view,,/org/32539,,2026-07-31 03:18:53,org
20940002,32621,org_detail_view,,/org/32621,,2026-07-31 03:19:38,org
20970001,38141,org_detail_view,,/org/38141,www.google.com,2026-07-31 03:20:40,org
20970002,32690,org_detail_view,,/org/32690,,2026-07-31 03:20:40,org
20970003,32864,org_detail_view,,/org/32864,,2026-07-31 03:21:47,org
21000001,32911,org_detail_view,,/org/32911,,2026-07-31 03:22:45,org
21030001,32983,org_detail_view,,/org/32983,,2026-07-31 03:23:29,org
21030002,32991,org_detail_view,,/org/32991,,2026-07-31 03:24:15,org
21060001,33172,org_detail_view,,/org/33172,,2026-07-31 03:26:20,org
21090001,33290,org_detail_view,,/org/33290,,2026-07-31 03:27:17,org
21120001,33340,org_detail_view,,/org/33340,,2026-07-31 03:28:10,org
21150001,33389,org_detail_view,,/org/33389,,2026-07-31 03:29:34,org
21150002,33506,org_detail_view,,/org/33506,,2026-07-31 03:30:24,org
21180001,33565,org_detail_view,,/org/33565,,2026-07-31 03:32:05,org
21180002,33567,org_detail_view,,/org/33567,,2026-07-31 03:32:48,org
21210001,33616,org_detail_view,,/org/33616,,2026-07-31 03:33:58,org
21240001,33620,org_detail_view,,/org/33620,,2026-07-31 03:34:40,org
21270001,33857,org_detail_view,,/org/33857,,2026-07-31 03:36:21,org
21300001,33877,org_detail_view,,/org/33877,,2026-07-31 03:37:29,org
21300002,33910,org_detail_view,,/org/33910,,2026-07-31 03:38:13,org
21330001,33933,org_detail_view,,/org/33933,,2026-07-31 03:39:13,org
21330002,32775,org_detail_view,,/org/32775,,2026-07-31 03:40:38,org
21330003,34520,org_detail_view,,/org/34520,,2026-07-31 03:41:09,org
21360001,34525,org_detail_view,,/org/34525,,2026-07-31 03:41:57,org
21390001,34736,org_detail_view,,/org/34736,,2026-07-31 03:42:59,org
21420001,34766,org_detail_view,,/org/34766,,2026-07-31 03:43:58,org
21420002,30621,org_detail_view,,/org/30621,,2026-07-31 03:44:53,org
21420003,30633,org_detail_view,,/org/30633,,2026-07-31 03:45:39,org
21450001,30905,org_detail_view,,/org/30905,,2026-07-31 03:46:44,org
21450002,32660,org_detail_view,,/org/32660,www.google.com,2026-07-31 03:47:28,org
21480001,31830,org_detail_view,,/org/31830,,2026-07-31 04:00:12,org
21510001,32859,org_detail_view,,/org/32859,search.yahoo.co.jp,2026-07-31 04:03:51,org
21540001,34144,org_detail_view,,/org/34144,,2026-07-31 04:05:15,org
21540002,40627,org_detail_view,,/org/40627,,2026-07-31 04:06:43,org
21570001,36490,org_detail_view,,/org/36490,,2026-07-31 04:30:33,org
21570002,33464,org_detail_view,,/org/33464,www.google.com,2026-07-31 04:32:59,org
21600001,32690,org_detail_view,,/org/32690,,2026-07-31 04:42:41,org
21630001,32690,org_detail_view,,/org/32690,,2026-07-31 04:44:06,org
21630002,40042,org_detail_view,,/org/40042,,2026-07-31 04:44:48,org
21630003,36380,org_detail_view,,/org/36380,,2026-07-31 04:45:28,org
21660001,40042,org_detail_view,,/org/40042,,2026-07-31 04:48:04,org
21690001,38211,org_detail_view,,/org/38211,search.yahoo.co.jp,2026-07-31 04:49:37,org
21720001,38353,org_detail_view,,/org/38353,www.google.com,2026-07-31 04:51:12,org
21750001,35123,org_detail_view,,/org/35123,,2026-07-31 04:55:15,org
21750002,37188,org_detail_view,,/org/37188,www.google.com,2026-07-31 04:55:37,org
21780001,37027,org_detail_view,,/org/37027,,2026-07-31 05:00:08,org
21810001,40240,org_detail_view,,/org/40240,,2026-07-31 05:03:37,org
21840001,36318,org_detail_view,,/org/36318,,2026-07-31 05:20:19,org
21840002,38381,org_detail_view,,/org/38381,search.yahoo.co.jp,2026-07-31 05:20:44,org
21870001,36999,org_detail_view,,/org/36999,,2026-07-31 05:25:32,org
21900001,40042,org_detail_view,,/org/40042,,2026-07-31 05:26:29,org
21900002,40042,org_detail_view,,/org/40042,,2026-07-31 05:26:39,org
21930001,37547,org_detail_view,,/org/37547,,2026-07-31 05:37:36,org
21930002,36544,org_detail_view,,/org/36544,,2026-07-31 05:37:41,org
21960001,36368,org_detail_view,,/org/36368,,2026-07-31 05:44:29,org
21990001,35108,org_detail_view,,/org/35108,,2026-07-31 05:45:23,org
22020001,36109,org_detail_view,,/org/36109,,2026-07-31 05:48:17,org
22050001,36938,org_detail_view,,/org/36938,,2026-07-31 05:51:23,org
22080001,37108,org_detail_view,,/org/37108,,2026-07-31 05:53:39,org
22110001,36872,org_detail_view,,/org/36872,,2026-07-31 05:58:06,org
22110002,36724,org_detail_view,,/org/36724,,2026-07-31 05:59:02,org
22140001,36289,org_detail_view,,/org/36289,,2026-07-31 06:04:55,org
22170001,36527,org_detail_view,,/org/36527,,2026-07-31 06:09:50,org
22200001,36911,org_detail_view,,/org/36911,,2026-07-31 06:11:56,org
22230001,36329,org_detail_view,,/org/36329,,2026-07-31 06:19:57,org
22260001,37265,org_detail_view,,/org/37265,,2026-07-31 06:22:14,org
22290001,34811,org_detail_view,,/org/34811,,2026-07-31 06:32:18,org
22290002,36715,org_detail_view,,/org/36715,,2026-07-31 06:33:39,org
22320001,36035,org_detail_view,,/org/36035,,2026-07-31 06:35:50,org
22350001,32467,org_detail_view,,/org/32467,,2026-07-31 06:46:05,org
22380001,32674,org_detail_view,,/org/32674,,2026-07-31 06:53:04,org
22410001,33037,org_detail_view,,/org/33037,,2026-07-31 06:57:09,org
22440001,34811,org_detail_view,,/org/34811,,2026-07-31 07:02:57,org
22440002,34818,org_detail_view,,/org/34818,,2026-07-31 07:03:20,org
22470001,30905,org_detail_view,,/org/30905,,2026-07-31 07:04:42,org
22500001,31122,org_detail_view,,/org/31122,,2026-07-31 07:06:03,org
22530001,33256,org_detail_view,,/org/33256,,2026-07-31 07:08:59,org
22560001,33941,org_detail_view,,/org/33941,,2026-07-31 07:11:07,org
22560002,34362,org_detail_view,,/org/34362,,2026-07-31 07:11:12,org
22590001,31322,org_detail_view,,/org/31322,,2026-07-31 07:13:31,org
22590002,31393,org_detail_view,,/org/31393,,2026-07-31 07:13:58,org
22620001,31467,org_detail_view,,/org/31467,,2026-07-31 07:15:44,org
22650001,31522,org_detail_view,,/org/31522,,2026-07-31 07:16:51,org
22680001,31559,org_detail_view,,/org/31559,,2026-07-31 07:17:47,org
22710001,32184,org_detail_view,,/org/32184,,2026-07-31 07:18:41,org
22740001,30002,org_detail_view,,/org/30002,,2026-07-31 07:19:27,org
22770001,30003,org_detail_view,,/org/30003,,2026-07-31 07:20:49,org
22770002,30004,org_detail_view,,/org/30004,,2026-07-31 07:21:41,org
22800001,30006,org_detail_view,,/org/30006,,2026-07-31 07:22:44,org
22800002,30014,org_detail_view,,/org/30014,,2026-07-31 07:23:27,org
22800003,30015,org_detail_view,,/org/30015,,2026-07-31 07:24:16,org
22800004,30017,org_detail_view,,/org/30017,,2026-07-31 07:25:22,org
22830001,30018,org_detail_view,,/org/30018,,2026-07-31 07:26:24,org
22860001,30020,org_detail_view,,/org/30020,,2026-07-31 07:28:41,org
22860002,30021,org_detail_view,,/org/30021,,2026-07-31 07:29:51,org
22860003,33199,org_detail_view,,/org/33199,,2026-07-31 07:29:55,org
22860004,30022,org_detail_view,,/org/30022,,2026-07-31 07:31:06,org
22860005,30024,org_detail_view,,/org/30024,,2026-07-31 07:31:48,org
22860006,30025,org_detail_view,,/org/30025,,2026-07-31 07:33:09,org
22890001,30027,org_detail_view,,/org/30027,,2026-07-31 07:33:55,org
22920001,30033,org_detail_view,,/org/30033,,2026-07-31 07:35:43,org
22920002,30034,org_detail_view,,/org/30034,,2026-07-31 07:36:29,org
22920003,30035,org_detail_view,,/org/30035,,2026-07-31 07:37:09,org
22950001,30036,org_detail_view,,/org/30036,,2026-07-31 07:39:20,org
22980001,30037,org_detail_view,,/org/30037,,2026-07-31 07:40:35,org
22980002,30038,org_detail_view,,/org/30038,,2026-07-31 07:41:08,org
22980003,30039,org_detail_view,,/org/30039,,2026-07-31 07:42:03,org
23010001,30040,org_detail_view,,/org/30040,,2026-07-31 07:42:55,org
23010002,35851,org_detail_view,,/org/35851,search.yahoo.co.jp,2026-07-31 07:43:24,org
23010003,30041,org_detail_view,,/org/30041,,2026-07-31 07:43:30,org
23010004,30043,org_detail_view,,/org/30043,,2026-07-31 07:44:34,org
23010005,30044,org_detail_view,,/org/30044,,2026-07-31 07:45:39,org
23010006,38133,org_detail_view,,/org/38133,www.google.com,2026-07-31 07:46:17,org
23010007,30045,org_detail_view,,/org/30045,,2026-07-31 07:46:44,org
23040001,30046,org_detail_view,,/org/30046,,2026-07-31 07:47:31,org
23040002,34028,org_detail_view,,/org/34028,,2026-07-31 07:48:12,org
23040003,32883,org_detail_view,,/org/32883,,2026-07-31 07:48:17,org
23040004,34867,org_detail_view,,/org/34867,,2026-07-31 07:48:22,org
23040005,34190,org_detail_view,,/org/34190,,2026-07-31 07:48:27,org
23040006,33575,org_detail_view,,/org/33575,,2026-07-31 07:48:30,org
23040007,30047,org_detail_view,,/org/30047,,2026-07-31 07:49:10,org
23070001,30049,org_detail_view,,/org/30049,,2026-07-31 07:53:14,org
23070002,30050,org_detail_view,,/org/30050,,2026-07-31 07:54:12,org
23070003,33111,org_detail_view,,/org/33111,,2026-07-31 07:55:32,org
23070004,30053,org_detail_view,,/org/30053,,2026-07-31 07:55:39,org
23070005,30034,org_detail_view,,/org/30034,,2026-07-31 07:55:49,org
23100001,30055,org_detail_view,,/org/30055,,2026-07-31 07:57:48,org
23100002,30034,org_detail_view,,/org/30034,,2026-07-31 07:58:14,org
23100003,30061,org_detail_view,,/org/30061,,2026-07-31 07:59:06,org
23130001,30064,org_detail_view,,/org/30064,,2026-07-31 07:59:50,org
23130002,34923,org_detail_view,,/org/34923,,2026-07-31 08:00:05,org
23130003,30018,org_detail_view,,/org/30018,,2026-07-31 08:00:45,org
23130004,30064,org_detail_view,,/org/30064,,2026-07-31 08:00:56,org
23130005,30018,org_detail_view,,/org/30018,,2026-07-31 08:01:02,org
23130006,30065,org_detail_view,,/org/30065,,2026-07-31 08:02:02,org
23160001,30066,org_detail_view,,/org/30066,,2026-07-31 08:04:53,org
23190001,30067,org_detail_view,,/org/30067,,2026-07-31 08:06:19,org
23190002,30068,org_detail_view,,/org/30068,,2026-07-31 08:06:55,org
23190003,30069,org_detail_view,,/org/30069,,2026-07-31 08:07:48,org
23220001,30070,org_detail_view,,/org/30070,,2026-07-31 08:08:51,org
23250001,30066,org_detail_view,,/org/30066,,2026-07-31 08:09:34,org
23250002,30071,org_detail_view,,/org/30071,,2026-07-31 08:09:59,org
23280001,30074,org_detail_view,,/org/30074,,2026-07-31 08:10:37,org
23310001,30077,org_detail_view,,/org/30077,,2026-07-31 08:11:20,org
23310002,30078,org_detail_view,,/org/30078,,2026-07-31 08:11:44,org
23340001,30082,org_detail_view,,/org/30082,,2026-07-31 08:13:16,org
23340002,30083,org_detail_view,,/org/30083,,2026-07-31 08:14:01,org
23370001,34071,org_detail_view,,/org/34071,,2026-07-31 08:15:04,org
23370002,30084,org_detail_view,,/org/30084,,2026-07-31 08:15:07,org
23370003,30085,org_detail_view,,/org/30085,,2026-07-31 08:15:39,org
23370004,39030,org_detail_view,,/org/39030,,2026-07-31 08:16:03,org
23370005,30088,org_detail_view,,/org/30088,,2026-07-31 08:16:18,org
23370006,31981,org_detail_view,,/org/31981,,2026-07-31 08:17:10,org
23400001,30089,org_detail_view,,/org/30089,,2026-07-31 08:18:22,org
23400002,37103,org_detail_view,,/org/37103,www.google.com,2026-07-31 08:18:44,org
23400003,30090,org_detail_view,,/org/30090,,2026-07-31 08:19:28,org
23430001,30091,org_detail_view,,/org/30091,,2026-07-31 08:20:40,org
23430002,30092,org_detail_view,,/org/30092,,2026-07-31 08:21:09,org
23430003,30093,org_detail_view,,/org/30093,,2026-07-31 08:22:14,org
23460001,38005,org_detail_view,,/org/38005,,2026-07-31 08:44:53,org
23490001,30115,org_detail_view,,/org/30115,,2026-07-31 08:50:58,org
23520001,33922,org_detail_view,,/org/33922,,2026-07-31 08:59:54,org
23550001,41126,org_detail_view,,/org/41126,,2026-07-31 09:03:12,org
23550002,40371,org_detail_view,,/org/40371,,2026-07-31 09:03:21,org
23550003,39137,org_detail_view,,/org/39137,,2026-07-31 09:03:23,org
23580001,30020,org_detail_view,,/org/30020,,2026-07-31 09:11:12,org
23580002,30034,org_detail_view,,/org/30034,,2026-07-31 09:11:44,org
23580003,36302,org_detail_view,,/org/36302,websearch.rakuten.co.jp,2026-07-31 09:13:32,org
23610001,30034,org_detail_view,,/org/30034,,2026-07-31 09:19:56,org
23610002,32698,org_detail_view,,/org/32698,www.google.com.hk,2026-07-31 09:20:29,org
23640001,32698,org_detail_view,,/org/32698,www.google.com.hk,2026-07-31 09:21:20,org
23640002,34818,org_detail_view,,/org/34818,,2026-07-31 09:21:42,org
23670001,35065,org_detail_view,,/org/35065,,2026-07-31 09:26:36,org
23700001,33440,org_detail_view,,/org/33440,,2026-07-31 09:38:44,org
23730001,36681,org_detail_view,,/org/36681,,2026-07-31 10:04:14,org
23760001,33290,org_detail_view,,/org/33290,,2026-07-31 10:05:47,org
23790001,34565,org_detail_view,,/org/34565,,2026-07-31 10:08:55,org
23820001,33968,org_detail_view,,/org/33968,www.google.com,2026-07-31 10:11:09,org
23820002,39810,org_detail_view,,/org/39810,www.google.com,2026-07-31 10:11:22,org
23850001,37851,org_detail_view,,/org/37851,www.google.com,2026-07-31 10:13:24,org
23850002,37851,consult_submit,,/consult,www.google.com,2026-07-31 10:14:27,org
23850003,41010,org_detail_view,,/org/41010,,2026-07-31 10:16:24,org
23880001,34937,org_detail_view,,/org/34937,,2026-07-31 10:18:08,org
23880002,41265,org_detail_view,,/org/41265,,2026-07-31 10:18:15,org
23880003,40967,org_detail_view,,/org/40967,,2026-07-31 10:18:19,org
23910001,38916,org_detail_view,,/org/38916,,2026-07-31 10:25:33,org
23910002,33914,org_detail_view,,/org/33914,,2026-07-31 10:25:38,org
23940001,39810,org_detail_view,,/org/39810,www.google.com,2026-07-31 10:30:03,org
23970001,36528,org_detail_view,,/org/36528,,2026-07-31 10:33:25,org
23970002,32830,org_detail_view,,/org/32830,,2026-07-31 10:33:34,org
24000001,40281,org_detail_view,,/org/40281,,2026-07-31 10:47:48,org
24030001,40657,org_detail_view,,/org/40657,,2026-07-31 10:50:42,org
24030002,30037,org_detail_view,,/org/30037,,2026-07-31 10:50:47,org
24030003,38933,org_detail_view,,/org/38933,,2026-07-31 10:50:49,org
24030004,31984,org_detail_view,,/org/31984,,2026-07-31 10:50:56,org
24030005,38064,org_detail_view,,/org/38064,,2026-07-31 10:51:01,org
24030006,35199,org_detail_view,,/org/35199,,2026-07-31 10:51:04,org
24030007,38779,org_detail_view,,/org/38779,,2026-07-31 10:51:13,org
24030008,41201,org_detail_view,,/org/41201,,2026-07-31 10:51:16,org
24030009,37998,org_detail_view,,/org/37998,,2026-07-31 10:51:19,org
24030010,32868,org_detail_view,,/org/32868,,2026-07-31 10:51:22,org
24030011,40928,org_detail_view,,/org/40928,,2026-07-31 10:51:28,org
24030012,31627,org_detail_view,,/org/31627,,2026-07-31 10:51:38,org
24030013,30728,org_detail_view,,/org/30728,,2026-07-31 10:51:41,org
24030014,37708,org_detail_view,,/org/37708,,2026-07-31 10:51:45,org
24060001,35151,org_detail_view,,/org/35151,,2026-07-31 10:58:35,org
24090001,34001,org_detail_view,,/org/34001,,2026-07-31 11:06:11,org
24120001,35391,org_detail_view,,/org/35391,,2026-07-31 11:13:38,org
24150001,39171,org_detail_view,,/org/39171,,2026-07-31 11:21:09,org
24150002,35560,org_detail_view,,/org/35560,,2026-07-31 11:21:13,org
24180001,37607,org_detail_view,,/org/37607,,2026-07-31 11:28:39,org
24210001,39656,org_detail_view,,/org/39656,,2026-07-31 11:31:19,org
24240001,35001,org_detail_view,,/org/35001,,2026-07-31 11:33:08,org
24270001,32565,org_detail_view,,/org/32565,,2026-07-31 11:36:15,org
24300001,39003,org_detail_view,,/org/39003,,2026-07-31 11:45:07,org
24300002,35943,org_detail_view,,/org/35943,,2026-07-31 11:45:13,org
24300003,32817,org_detail_view,,/org/32817,,2026-07-31 11:45:20,org
24330001,39707,org_detail_view,,/org/39707,,2026-07-31 11:47:30,org
24360001,31693,org_detail_view,,/org/31693,,2026-07-31 11:49:44,org
24360002,35601,org_detail_view,,/org/35601,,2026-07-31 11:50:59,org
24360003,39720,org_detail_view,,/org/39720,,2026-07-31 11:51:54,org
24390001,31207,org_detail_view,,/org/31207,,2026-07-31 11:54:07,org
24420001,30725,org_detail_view,,/org/30725,,2026-07-31 11:56:17,org
24420002,31472,org_detail_view,,/org/31472,,2026-07-31 11:56:51,org
24450001,34400,org_detail_view,,/org/34400,,2026-07-31 11:58:29,org
24480001,30285,org_detail_view,,/org/30285,,2026-07-31 12:02:57,org
24510001,39622,org_detail_view,,/org/39622,,2026-07-31 12:05:50,org
24510002,34998,org_detail_view,,/org/34998,,2026-07-31 12:06:01,org
24510003,31006,org_detail_view,,/org/31006,,2026-07-31 12:06:04,org
24510004,39816,org_detail_view,,/org/39816,,2026-07-31 12:06:09,org
24510005,38476,org_detail_view,,/org/38476,,2026-07-31 12:06:15,org
24510006,37968,org_detail_view,,/org/37968,,2026-07-31 12:06:20,org
24510007,32350,org_detail_view,,/org/32350,,2026-07-31 12:06:25,org
24510008,35935,org_detail_view,,/org/35935,,2026-07-31 12:06:33,org
24510009,33445,org_detail_view,,/org/33445,,2026-07-31 12:06:44,org
24510010,40624,org_detail_view,,/org/40624,,2026-07-31 12:06:47,org
24510011,31469,org_detail_view,,/org/31469,,2026-07-31 12:06:53,org
24510012,35395,org_detail_view,,/org/35395,,2026-07-31 12:06:56,org
24510013,32574,org_detail_view,,/org/32574,,2026-07-31 12:07:10,org
24510014,39088,org_detail_view,,/org/39088,,2026-07-31 12:07:16,org
24540001,32695,org_detail_view,,/org/32695,,2026-07-31 12:08:20,org
24570001,39999,org_detail_view,,/org/39999,,2026-07-31 12:10:17,org
24600001,30578,org_detail_view,,/org/30578,,2026-07-31 12:11:45,org
24630001,39458,org_detail_view,,/org/39458,,2026-07-31 12:16:12,org
24630002,36146,org_detail_view,,/org/36146,,2026-07-31 12:16:43,org
24630003,32236,org_detail_view,,/org/32236,,2026-07-31 12:16:50,org
24660001,32371,org_detail_view,,/org/32371,,2026-07-31 12:18:48,org
24660002,33908,org_detail_view,,/org/33908,,2026-07-31 12:19:00,org
24690001,33543,org_detail_view,,/org/33543,,2026-07-31 12:20:40,org
24720001,31360,org_detail_view,,/org/31360,,2026-07-31 12:24:55,org
24750001,40475,org_detail_view,,/org/40475,,2026-07-31 12:29:16,org
24750002,34709,org_detail_view,,/org/34709,,2026-07-31 12:29:43,org
24750003,36550,org_detail_view,,/org/36550,,2026-07-31 12:30:19,org
24780001,30565,org_detail_view,,/org/30565,,2026-07-31 12:33:44,org
24810001,38391,org_detail_view,,/org/38391,,2026-07-31 12:38:07,org
24840001,32574,org_detail_view,,/org/32574,,2026-07-31 12:41:37,org
24870001,39810,org_detail_view,,/org/39810,www.google.com,2026-07-31 12:44:34,org
24900001,32871,org_detail_view,,/org/32871,,2026-07-31 12:46:45,org
24930001,34156,org_detail_view,,/org/34156,,2026-07-31 12:48:14,org
24960001,40929,org_detail_view,,/org/40929,,2026-07-31 12:52:47,org
24990001,35557,org_detail_view,,/org/35557,,2026-07-31 12:54:57,org
24990002,38963,org_detail_view,,/org/38963,,2026-07-31 12:55:34,org
25020001,33970,org_detail_view,,/org/33970,,2026-07-31 12:59:00,org
25050001,30904,org_detail_view,,/org/30904,,2026-07-31 13:03:14,org
25050002,31893,org_detail_view,,/org/31893,,2026-07-31 13:03:32,org
25050003,41441,org_detail_view,,/org/41441,,2026-07-31 13:03:50,org
25050004,39377,org_detail_view,,/org/39377,,2026-07-31 13:04:02,org
25050005,34742,org_detail_view,,/org/34742,,2026-07-31 13:04:41,org
25080001,32308,org_detail_view,,/org/32308,,2026-07-31 13:07:45,org
25110001,36820,org_detail_view,,/org/36820,,2026-07-31 13:11:30,org
25140001,35807,org_detail_view,,/org/35807,,2026-07-31 13:15:56,org
25170001,34758,org_detail_view,,/org/34758,,2026-07-31 13:19:54,org
25170002,31511,org_detail_view,,/org/31511,,2026-07-31 13:20:46,org
25170003,38194,org_detail_view,,/org/38194,,2026-07-31 13:21:18,org
25170004,33247,org_detail_view,,/org/33247,,2026-07-31 13:21:24,org
25170005,36370,org_detail_view,,/org/36370,,2026-07-31 13:21:28,org
25170006,32153,org_detail_view,,/org/32153,,2026-07-31 13:21:31,org
25170007,32811,org_detail_view,,/org/32811,,2026-07-31 13:21:40,org
25170008,38494,org_detail_view,,/org/38494,,2026-07-31 13:21:42,org
25200001,31611,org_detail_view,,/org/31611,,2026-07-31 13:27:35,org
25200002,37066,org_detail_view,,/org/37066,,2026-07-31 13:28:12,org
25230001,33505,org_detail_view,,/org/33505,,2026-07-31 13:38:55,org
25260001,31705,org_detail_view,,/org/31705,,2026-07-31 13:44:54,org
25290001,33108,org_detail_view,,/org/33108,,2026-07-31 13:47:40,org
25320001,37955,org_detail_view,,/org/37955,,2026-07-31 13:49:25,org
25350001,39382,org_detail_view,,/org/39382,,2026-07-31 13:52:06,org
25380001,37663,org_detail_view,,/org/37663,,2026-07-31 13:53:30,org
25380002,41002,org_detail_view,,/org/41002,,2026-07-31 13:53:37,org
25380003,37024,org_detail_view,,/org/37024,,2026-07-31 13:54:07,org
25380004,30462,org_detail_view,,/org/30462,,2026-07-31 13:54:28,org
25410001,37996,org_detail_view,,/org/37996,,2026-07-31 13:57:52,org
25440001,35428,org_detail_view,,/org/35428,,2026-07-31 14:02:03,org
25470001,36601,org_detail_view,,/org/36601,,2026-07-31 14:03:13,org
25470002,32096,org_detail_view,,/org/32096,,2026-07-31 14:03:26,org
25500001,31707,org_detail_view,,/org/31707,,2026-07-31 14:07:13,org
25500002,30788,org_detail_view,,/org/30788,,2026-07-31 14:07:56,org
25500003,40183,org_detail_view,,/org/40183,,2026-07-31 14:09:04,org
25500004,32263,org_detail_view,,/org/32263,,2026-07-31 14:09:52,org
25530001,31678,org_detail_view,,/org/31678,,2026-07-31 14:10:34,org
25560001,34354,org_detail_view,,/org/34354,,2026-07-31 14:12:39,org
25590001,31619,org_detail_view,,/org/31619,,2026-07-31 14:14:52,org
25620001,31350,org_detail_view,,/org/31350,,2026-07-31 14:17:05,org
25650001,40005,org_detail_view,,/org/40005,,2026-07-31 14:19:08,org
25680001,35539,org_detail_view,,/org/35539,,2026-07-31 14:23:54,org
25710001,40034,org_detail_view,,/org/40034,,2026-07-31 14:26:12,org
25710002,32188,org_detail_view,,/org/32188,,2026-07-31 14:26:28,org
25710003,36199,org_detail_view,,/org/36199,,2026-07-31 14:27:41,org
25740001,35561,org_detail_view,,/org/35561,,2026-07-31 14:30:42,org
25740002,38595,org_detail_view,,/org/38595,,2026-07-31 14:32:00,org
25770001,36136,org_detail_view,,/org/36136,,2026-07-31 14:48:52,org
25770002,30216,org_detail_view,,/org/30216,,2026-07-31 14:49:32,org
25770003,36944,org_detail_view,,/org/36944,,2026-07-31 14:49:58,org
25800001,37054,org_detail_view,,/org/37054,,2026-07-31 14:54:42,org
25800002,31814,org_detail_view,,/org/31814,,2026-07-31 14:55:10,org
25800003,34565,org_detail_view,,/org/34565,,2026-07-31 14:56:00,org
25830001,30806,org_detail_view,,/org/30806,,2026-07-31 15:00:37,org
25860001,40154,org_detail_view,,/org/40154,,2026-07-31 15:04:19,org
25860002,39450,org_detail_view,,/org/39450,,2026-07-31 15:04:42,org
25890001,35566,org_detail_view,,/org/35566,,2026-07-31 15:06:17,org
25920001,30971,org_detail_view,,/org/30971,,2026-07-31 15:09:20,org
25950001,30467,org_detail_view,,/org/30467,,2026-07-31 15:10:52,org
25980001,31768,org_detail_view,,/org/31768,,2026-07-31 15:14:30,org
26010001,40272,org_detail_view,,/org/40272,,2026-07-31 15:16:16,org
26040001,38161,org_detail_view,,/org/38161,,2026-07-31 15:19:31,org
26070001,31649,org_detail_view,,/org/31649,,2026-07-31 15:21:05,org
26100001,41153,org_detail_view,,/org/41153,,2026-07-31 15:24:17,org
26130001,40820,org_detail_view,,/org/40820,,2026-07-31 15:25:32,org
26130002,37480,org_detail_view,,/org/37480,,2026-07-31 15:26:03,org
26130003,41006,org_detail_view,,/org/41006,,2026-07-31 15:26:17,org
26130004,37460,org_detail_view,,/org/37460,,2026-07-31 15:26:28,org
26160001,34416,org_detail_view,,/org/34416,,2026-07-31 15:28:53,org
26160002,31559,org_detail_view,,/org/31559,,2026-07-31 15:29:22,org
26190001,37904,org_detail_view,,/org/37904,,2026-07-31 15:31:38,org
26220001,37337,org_detail_view,,/org/37337,,2026-07-31 15:33:28,org
26250001,38070,org_detail_view,,/org/38070,,2026-07-31 15:34:19,org
26280001,34269,org_detail_view,,/org/34269,,2026-07-31 15:36:39,org
26310001,34087,org_detail_view,,/org/34087,,2026-07-31 15:39:18,org
26340001,36786,org_detail_view,,/org/36786,,2026-07-31 15:46:09,org
26370001,36819,org_detail_view,,/org/36819,,2026-07-31 15:48:41,org
26400001,37635,org_detail_view,,/org/37635,,2026-07-31 15:50:10,org
26400002,30513,org_detail_view,,/org/30513,,2026-07-31 15:50:43,org
26400003,39450,org_detail_view,,/org/39450,,2026-07-31 15:50:55,org
26430001,31779,org_detail_view,,/org/31779,,2026-07-31 15:54:15,org
26460001,35336,org_detail_view,,/org/35336,,2026-07-31 15:56:02,org
26490001,40662,org_detail_view,,/org/40662,,2026-07-31 15:58:04,org
26490002,36596,org_detail_view,,/org/36596,,2026-07-31 15:58:23,org
26490003,39830,org_detail_view,,/org/39830,,2026-07-31 15:58:56,org
26520001,35500,org_detail_view,,/org/35500,,2026-07-31 16:02:35,org
26550001,32404,org_detail_view,,/org/32404,,2026-07-31 16:06:44,org
26580001,40898,org_detail_view,,/org/40898,,2026-07-31 16:07:32,org
26610001,30685,org_detail_view,,/org/30685,,2026-07-31 16:11:16,org
26610002,39307,org_detail_view,,/org/39307,,2026-07-31 16:12:33,org
26640001,40805,org_detail_view,,/org/40805,,2026-07-31 16:15:00,org
26670001,31807,org_detail_view,,/org/31807,,2026-07-31 16:17:27,org
26700001,41227,org_detail_view,,/org/41227,,2026-07-31 16:19:22,org
26730001,37966,org_detail_view,,/org/37966,,2026-07-31 16:21:57,org
26760001,37795,org_detail_view,,/org/37795,,2026-07-31 16:23:28,org
26790001,39201,org_detail_view,,/org/39201,,2026-07-31 16:26:07,org
26820001,32147,org_detail_view,,/org/32147,,2026-07-31 16:27:40,org
26850001,35666,org_detail_view,,/org/35666,,2026-07-31 16:28:23,org
26850002,39613,org_detail_view,,/org/39613,,2026-07-31 16:28:57,org
26880001,30865,org_detail_view,,/org/30865,,2026-07-31 16:30:55,org
26880002,41066,org_detail_view,,/org/41066,,2026-07-31 16:31:46,org
26910001,31742,org_detail_view,,/org/31742,,2026-07-31 16:36:04,org
26910002,40417,org_detail_view,,/org/40417,,2026-07-31 16:36:32,org
26940001,32257,org_detail_view,,/org/32257,,2026-07-31 16:40:28,org
26940002,34187,org_detail_view,,/org/34187,,2026-07-31 16:40:49,org
26970001,38684,org_detail_view,,/org/38684,,2026-07-31 16:44:18,org
26970002,39522,org_detail_view,,/org/39522,,2026-07-31 16:45:42,org
27000001,38400,org_detail_view,,/org/38400,,2026-07-31 16:48:22,org
27030001,33044,org_detail_view,,/org/33044,,2026-07-31 16:49:38,org
27060001,39928,org_detail_view,,/org/39928,,2026-07-31 16:54:19,org
27090001,40625,org_detail_view,,/org/40625,,2026-07-31 16:57:14,org
27120001,40695,org_detail_view,,/org/40695,,2026-07-31 17:01:48,org
27150001,39461,org_detail_view,,/org/39461,,2026-07-31 17:02:57,org
27180001,30739,org_detail_view,,/org/30739,,2026-07-31 17:05:45,org
27210001,34944,org_detail_view,,/org/34944,,2026-07-31 17:11:35,org
27240001,34819,org_detail_view,,/org/34819,,2026-07-31 17:14:10,org
27270001,31923,org_detail_view,,/org/31923,,2026-07-31 17:15:35,org
27300001,40899,org_detail_view,,/org/40899,,2026-07-31 17:16:47,org
27330001,30625,org_detail_view,,/org/30625,,2026-07-31 17:18:58,org
27360001,30859,org_detail_view,,/org/30859,,2026-07-31 17:22:01,org
27390001,38373,org_detail_view,,/org/38373,,2026-07-31 17:24:21,org
27420001,31035,org_detail_view,,/org/31035,,2026-07-31 17:27:58,org
27450001,38745,org_detail_view,,/org/38745,,2026-07-31 17:32:18,org
27480001,38803,org_detail_view,,/org/38803,,2026-07-31 17:34:11,org
27480002,35356,org_detail_view,,/org/35356,,2026-07-31 17:34:53,org
27510001,33528,org_detail_view,,/org/33528,,2026-07-31 17:39:20,org
27540001,31620,org_detail_view,,/org/31620,,2026-07-31 17:55:42,org
27570001,39730,org_detail_view,,/org/39730,,2026-07-31 17:57:03,org
27600001,31142,org_detail_view,,/org/31142,,2026-07-31 18:04:14,org
27630001,31333,org_detail_view,,/org/31333,,2026-07-31 18:19:11,org
27660001,35101,org_detail_view,,/org/35101,,2026-07-31 18:26:07,org
27660002,32524,org_detail_view,,/org/32524,,2026-07-31 18:26:11,org
27660003,35338,org_detail_view,,/org/35338,,2026-07-31 18:26:13,org
27660004,39265,org_detail_view,,/org/39265,,2026-07-31 18:26:14,org
27660005,41432,org_detail_view,,/org/41432,,2026-07-31 18:26:19,org
27660006,40574,org_detail_view,,/org/40574,,2026-07-31 18:26:20,org
27660007,38047,org_detail_view,,/org/38047,,2026-07-31 18:26:24,org
27660008,38575,org_detail_view,,/org/38575,,2026-07-31 18:26:25,org
27660009,39048,org_detail_view,,/org/39048,,2026-07-31 18:26:42,org
27690001,38493,org_detail_view,,/org/38493,,2026-07-31 18:31:10,org
27720001,38751,org_detail_view,,/org/38751,,2026-07-31 18:33:56,org
27720002,30775,org_detail_view,,/org/30775,,2026-07-31 18:34:09,org
27750001,39145,org_detail_view,,/org/39145,,2026-07-31 18:37:42,org
27780001,36700,org_detail_view,,/org/36700,,2026-07-31 18:47:45,org
27810001,31493,org_detail_view,,/org/31493,,2026-07-31 18:49:10,org
27840001,38018,org_detail_view,,/org/38018,,2026-07-31 18:50:36,org
27870001,39828,org_detail_view,,/org/39828,,2026-07-31 19:04:14,org
27900001,36097,org_detail_view,,/org/36097,,2026-07-31 19:05:02,org
27930001,31344,org_detail_view,,/org/31344,,2026-07-31 19:10:44,org
27960001,35684,org_detail_view,,/org/35684,,2026-07-31 19:19:19,org
27990001,33396,org_detail_view,,/org/33396,,2026-07-31 19:26:31,org
28020001,39303,org_detail_view,,/org/39303,,2026-07-31 19:34:10,org
28050001,31339,org_detail_view,,/org/31339,,2026-07-31 19:41:06,org
28050002,38176,org_detail_view,,/org/38176,,2026-07-31 19:41:46,org
28050003,40499,org_detail_view,,/org/40499,,2026-07-31 19:41:49,org
28050004,35005,org_detail_view,,/org/35005,,2026-07-31 19:42:13,org
28050005,39439,org_detail_view,,/org/39439,,2026-07-31 19:42:17,org
28050006,37352,org_detail_view,,/org/37352,,2026-07-31 19:42:22,org
28080001,41360,org_detail_view,,/org/41360,,2026-07-31 19:49:02,org
28080002,36498,org_detail_view,,/org/36498,,2026-07-31 19:49:12,org
28110001,32849,org_detail_view,,/org/32849,,2026-07-31 20:04:52,org
28140001,32020,org_detail_view,,/org/32020,,2026-07-31 20:25:32,org
28140002,35988,org_detail_view,,/org/35988,,2026-07-31 20:25:44,org
28170001,32264,org_detail_view,,/org/32264,,2026-07-31 20:28:43,org
28170002,35437,org_detail_view,,/org/35437,,2026-07-31 20:28:50,org
28200001,31826,org_detail_view,,/org/31826,,2026-07-31 20:33:22,org
28230001,36545,org_detail_view,,/org/36545,,2026-07-31 20:36:12,org
28260001,39811,org_detail_view,,/org/39811,,2026-07-31 20:39:26,org
28290001,31236,org_detail_view,,/org/31236,,2026-07-31 20:43:45,org
28320001,40782,org_detail_view,,/org/40782,,2026-07-31 20:50:09,org
28320002,32055,org_detail_view,,/org/32055,,2026-07-31 20:51:23,org
28350001,39070,org_detail_view,,/org/39070,,2026-07-31 20:56:14,org
28350002,38650,org_detail_view,,/org/38650,,2026-07-31 20:56:18,org
28350003,31152,org_detail_view,,/org/31152,,2026-07-31 20:56:20,org
28350004,37090,org_detail_view,,/org/37090,,2026-07-31 20:56:25,org
28350005,32710,org_detail_view,,/org/32710,,2026-07-31 20:56:30,org
28380001,31894,org_detail_view,,/org/31894,,2026-07-31 21:00:53,org
28410001,33815,org_detail_view,,/org/33815,,2026-07-31 21:03:57,org
28440001,40000,org_detail_view,,/org/40000,,2026-07-31 21:04:59,org
28470001,33719,org_detail_view,,/org/33719,,2026-07-31 21:13:36,org
28500001,31365,org_detail_view,,/org/31365,,2026-07-31 21:19:10,org
28530001,33358,org_detail_view,,/org/33358,,2026-07-31 21:25:49,org
28560001,,diagnose_start,vitest,/diagnose,example.com,2026-07-31 21:30:53,org
28560002,1,org_detail_view,vitest,/org/1,,2026-07-31 21:30:53,org
28560003,30350,org_detail_view,,/org/30350,,2026-07-31 21:31:08,org
28560004,38078,org_detail_view,,/org/38078,,2026-07-31 21:31:08,org
28560005,30066,org_detail_view,,/org/30066,,2026-07-31 21:31:09,org
28590001,31184,org_detail_view,,/org/31184,,2026-07-31 21:34:10,org
28620001,40567,org_detail_view,,/org/40567,,2026-07-31 21:39:32,org
28650001,40048,org_detail_view,,/org/40048,,2026-07-31 21:40:57,org
28680001,40341,org_detail_view,,/org/40341,,2026-07-31 21:49:09,org
28710001,41232,org_detail_view,,/org/41232,,2026-07-31 21:56:33,org
28740001,32169,org_detail_view,,/org/32169,,2026-07-31 22:06:41,org
28770001,34136,org_detail_view,,/org/34136,,2026-07-31 22:11:11,org
28770002,35847,org_detail_view,,/org/35847,,2026-07-31 22:11:51,org
28800001,38205,org_detail_view,,/org/38205,,2026-07-31 22:17:53,org
28800002,35353,org_detail_view,,/org/35353,,2026-07-31 22:18:55,org
28800003,33556,org_detail_view,,/org/33556,,2026-07-31 22:19:13,org
28830001,33290,org_detail_view,,/org/33290,,2026-07-31 22:31:48,org
28860001,32365,org_detail_view,,/org/32365,,2026-07-31 22:33:29,org
28890001,31656,org_detail_view,,/org/31656,,2026-07-31 22:55:40,org
28890002,41316,org_detail_view,,/org/41316,,2026-07-31 22:56:15,org
28920001,38678,org_detail_view,,/org/38678,,2026-07-31 23:07:55,org
28950001,33173,org_detail_view,,/org/33173,,2026-07-31 23:26:08,org
28980001,36746,org_detail_view,,/org/36746,,2026-07-31 23:34:11,org
29010001,31448,org_detail_view,,/org/31448,,2026-07-31 23:57:54,org
29040001,34762,org_detail_view,,/org/34762,,2026-08-01 00:14:19,org
29070001,40524,org_detail_view,,/org/40524,,2026-08-01 00:47:58,org
29100001,37964,org_detail_view,,/org/37964,,2026-08-01 00:49:09,org
29130001,36961,org_detail_view,,/org/36961,,2026-08-01 00:50:54,org
29160001,38223,org_detail_view,,/org/38223,,2026-08-01 01:13:29,org
29190001,38979,org_detail_view,,/org/38979,,2026-08-01 01:25:46,org
29220001,41113,org_detail_view,,/org/41113,,2026-08-01 01:28:06,org
29250001,40097,org_detail_view,,/org/40097,,2026-08-01 01:37:57,org
29280001,40098,org_detail_view,,/org/40098,,2026-08-01 01:57:08,org
29280002,35298,org_detail_view,,/org/35298,,2026-08-01 01:57:23,org
29280003,39992,org_detail_view,,/org/39992,,2026-08-01 01:59:31,org
29280004,40397,org_detail_view,,/org/40397,,2026-08-01 01:59:47,org
29280005,38707,org_detail_view,,/org/38707,,2026-08-01 02:00:17,org
29280006,36041,org_detail_view,,/org/36041,,2026-08-01 02:00:47,org
29280007,37660,org_detail_view,,/org/37660,,2026-08-01 02:00:55,org
29310001,35627,org_detail_view,,/org/35627,,2026-08-01 02:02:32,org
29310002,30708,org_detail_view,,/org/30708,,2026-08-01 02:02:41,org
29310003,35432,org_detail_view,,/org/35432,,2026-08-01 02:03:15,org
29310004,36760,org_detail_view,,/org/36760,,2026-08-01 02:04:25,org
29310005,41086,org_detail_view,,/org/41086,,2026-08-01 02:04:46,org
29340001,37928,org_detail_view,,/org/37928,,2026-08-01 02:07:10,org
29340002,35874,org_detail_view,,/org/35874,,2026-08-01 02:07:26,org
29340003,37988,org_detail_view,,/org/37988,,2026-08-01 02:08:47,org
29370001,33352,org_detail_view,,/org/33352,,2026-08-01 02:11:18,org
29400001,32126,org_detail_view,,/org/32126,,2026-08-01 02:13:56,org
29400002,35010,org_detail_view,,/org/35010,,2026-08-01 02:14:29,org
29400003,35689,org_detail_view,,/org/35689,,2026-08-01 02:14:36,org
29400004,35875,org_detail_view,,/org/35875,search.yahoo.co.jp,2026-08-01 02:14:51,org
29400005,36431,org_detail_view,,/org/36431,,2026-08-01 02:15:50,org
29430001,35047,org_detail_view,,/org/35047,,2026-08-01 02:18:21,org
29460001,41425,org_detail_view,,/org/41425,,2026-08-01 02:24:55,org
29460002,38170,org_detail_view,,/org/38170,,2026-08-01 02:25:39,org
29460003,38458,org_detail_view,,/org/38458,,2026-08-01 02:25:59,org
29490001,30780,org_detail_view,,/org/30780,,2026-08-01 02:28:27,org
29520001,40881,org_detail_view,,/org/40881,,2026-08-01 02:31:32,org
29550001,39049,org_detail_view,,/org/39049,,2026-08-01 02:32:34,org
29550002,38834,org_detail_view,,/org/38834,,2026-08-01 02:33:09,org
29580001,39089,org_detail_view,,/org/39089,,2026-08-01 02:37:01,org
29610001,34188,org_detail_view,,/org/34188,,2026-08-01 02:39:34,org
29640001,38147,org_detail_view,,/org/38147,,2026-08-01 02:41:56,org
29640002,38673,org_detail_view,,/org/38673,,2026-08-01 02:42:13,org
29670001,41447,org_detail_view,,/org/41447,,2026-08-01 02:44:01,org
29700001,34546,org_detail_view,,/org/34546,,2026-08-01 02:45:28,org
29730001,40947,org_detail_view,,/org/40947,,2026-08-01 02:46:16,org
29730002,36536,org_detail_view,,/org/36536,,2026-08-01 02:46:38,org
29760001,30350,org_detail_view,,/org/30350,,2026-08-01 02:49:30,org
29790001,36204,org_detail_view,,/org/36204,,2026-08-01 02:51:48,org
29820001,30003,org_detail_view,,/org/30003,,2026-08-01 02:52:23,org
29820002,31800,org_detail_view,,/org/31800,,2026-08-01 02:52:29,org
29850001,33853,org_detail_view,,/org/33853,,2026-08-01 02:53:47,org
29850002,31863,org_detail_view,,/org/31863,,2026-08-01 02:56:23,org
29880001,34743,org_detail_view,,/org/34743,,2026-08-01 02:57:36,org
29880002,35328,org_detail_view,,/org/35328,,2026-08-01 02:57:53,org
29880003,38044,org_detail_view,,/org/38044,,2026-08-01 02:58:08,org
29880004,34627,org_detail_view,,/org/34627,,2026-08-01 02:58:43,org
29910001,32120,org_detail_view,,/org/32120,,2026-08-01 03:00:25,org
29910002,37949,org_detail_view,,/org/37949,,2026-08-01 03:01:03,org
29940001,40311,org_detail_view,,/org/40311,,2026-08-01 03:03:54,org
29940002,35173,org_detail_view,,/org/35173,,2026-08-01 03:05:04,org
29940003,40211,org_detail_view,,/org/40211,,2026-08-01 03:05:38,org
29970001,35124,org_detail_view,,/org/35124,,2026-08-01 03:07:14,org
29970002,34777,org_detail_view,,/org/34777,,2026-08-01 03:07:47,org
29970003,36963,org_detail_view,,/org/36963,,2026-08-01 03:08:23,org
30000001,31247,org_detail_view,,/org/31247,,2026-08-01 03:09:59,org
30000002,39404,org_detail_view,,/org/39404,,2026-08-01 03:10:58,org
30000003,37189,org_detail_view,,/org/37189,,2026-08-01 03:11:31,org
30000004,30630,org_detail_view,,/org/30630,,2026-08-01 03:11:59,org
30000005,38479,org_detail_view,,/org/38479,,2026-08-01 03:12:08,org
30000006,36926,org_detail_view,,/org/36926,,2026-08-01 03:12:29,org
30000007,36218,org_detail_view,,/org/36218,,2026-08-01 03:12:36,org
30000008,38420,org_detail_view,,/org/38420,,2026-08-01 03:12:38,org
30000009,35377,org_detail_view,,/org/35377,,2026-08-01 03:12:42,org
30000010,36557,org_detail_view,,/org/36557,,2026-08-01 03:12:45,org
30000011,34878,org_detail_view,,/org/34878,,2026-08-01 03:12:47,org
30000012,36449,org_detail_view,,/org/36449,,2026-08-01 03:13:20,org
30030001,32318,org_detail_view,,/org/32318,,2026-08-01 03:15:19,org
30060001,39224,org_detail_view,,/org/39224,,2026-08-01 03:16:57,org
30090001,30352,org_detail_view,,/org/30352,,2026-08-01 03:18:08,org
30090002,34966,org_detail_view,,/org/34966,,2026-08-01 03:18:56,org
30090003,35555,org_detail_view,,/org/35555,,2026-08-01 03:19:24,org
30120001,35729,org_detail_view,,/org/35729,,2026-08-01 03:22:20,org
30120002,33049,org_detail_view,,/org/33049,,2026-08-01 03:23:08,org
30150001,38099,org_detail_view,,/org/38099,,2026-08-01 03:25:39,org
30150002,40733,org_detail_view,,/org/40733,,2026-08-01 03:25:43,org
30180001,35468,org_detail_view,,/org/35468,,2026-08-01 03:29:55,org
30180002,41317,org_detail_view,,/org/41317,,2026-08-01 03:30:14,org
30210001,41100,org_detail_view,,/org/41100,,2026-08-01 03:31:45,org
30240001,33192,org_detail_view,,/org/33192,,2026-08-01 03:32:38,org
30240002,34763,org_detail_view,,/org/34763,,2026-08-01 03:32:46,org
30240003,33158,org_detail_view,,/org/33158,,2026-08-01 03:32:51,org
30240004,30478,org_detail_view,,/org/30478,,2026-08-01 03:33:29,org
30270001,39491,org_detail_view,,/org/39491,,2026-08-01 03:39:19,org
30270002,33706,org_detail_view,,/org/33706,,2026-08-01 03:40:18,org
30300001,35270,org_detail_view,,/org/35270,,2026-08-01 03:42:33,org
30300002,35587,org_detail_view,,/org/35587,,2026-08-01 03:43:21,org
30330001,34786,org_detail_view,,/org/34786,,2026-08-01 03:45:52,org
30360001,30107,org_detail_view,,/org/30107,,2026-08-01 03:46:33,org
30390001,38313,org_detail_view,,/org/38313,,2026-08-01 03:49:25,org
30420001,39707,org_detail_view,,/org/39707,,2026-08-01 03:51:37,org
30420002,36818,org_detail_view,,/org/36818,,2026-08-01 03:53:11,org
30450001,40437,org_detail_view,,/org/40437,,2026-08-01 03:54:29,org
30480001,30687,org_detail_view,,/org/30687,,2026-08-01 03:56:17,org
30510001,40542,org_detail_view,,/org/40542,,2026-08-01 03:59:37,org
30540001,35357,org_detail_view,,/org/35357,,2026-08-01 04:03:04,org
30570001,38359,org_detail_view,,/org/38359,,2026-08-01 04:09:17,org
30600001,30091,org_detail_view,,/org/30091,,2026-08-01 04:13:47,org
30630001,34054,org_detail_view,,/org/34054,,2026-08-01 04:17:35,org
30660001,32039,org_detail_view,,/org/32039,,2026-08-01 04:22:47,org
30690001,31341,org_detail_view,,/org/31341,,2026-08-01 04:24:35,org
30720001,31903,org_detail_view,,/org/31903,,2026-08-01 04:27:14,org
30750001,40744,org_detail_view,,/org/40744,,2026-08-01 04:28:56,org
30750002,31578,org_detail_view,,/org/31578,,2026-08-01 04:29:13,org
30780001,30786,org_detail_view,,/org/30786,,2026-08-01 04:32:33,org
30780002,38821,org_detail_view,,/org/38821,,2026-08-01 04:32:48,org
30810001,39905,org_detail_view,,/org/39905,,2026-08-01 04:35:27,org
30810002,35191,org_detail_view,,/org/35191,,2026-08-01 04:35:38,org
30840001,39960,org_detail_view,,/org/39960,,2026-08-01 04:36:37,org
30870001,34749,org_detail_view,,/org/34749,,2026-08-01 04:40:12,org
30870002,41346,org_detail_view,,/org/41346,,2026-08-01 04:40:20,org
30900001,40511,org_detail_view,,/org/40511,,2026-08-01 04:45:23,org
30930001,31948,org_detail_view,,/org/31948,,2026-08-01 04:46:38,org
30960001,39861,org_detail_view,,/org/39861,,2026-08-01 04:48:44,org
30990001,39539,org_detail_view,,/org/39539,,2026-08-01 04:49:58,org
31020001,40293,org_detail_view,,/org/40293,,2026-08-01 04:53:00,org
31050001,32616,org_detail_view,,/org/32616,,2026-08-01 04:54:56,org
31080001,35077,org_detail_view,,/org/35077,,2026-08-01 04:56:17,org
31110001,39324,org_detail_view,,/org/39324,,2026-08-01 04:57:27,org
31140001,30057,org_detail_view,,/org/30057,,2026-08-01 04:59:45,org
31170001,32172,org_detail_view,,/org/32172,,2026-08-01 05:01:59,org
31200001,39410,org_detail_view,,/org/39410,,2026-08-01 05:04:53,org
31200002,38796,org_detail_view,,/org/38796,,2026-08-01 05:05:01,org
31200003,38221,org_detail_view,,/org/38221,,2026-08-01 05:05:06,org
31230001,30350,org_detail_view,,/org/30350,,2026-08-01 05:05:52,org
31260001,38385,org_detail_view,,/org/38385,,2026-08-01 05:09:08,org
31260002,40453,org_detail_view,,/org/40453,,2026-08-01 05:09:31,org
31260003,40759,org_detail_view,,/org/40759,,2026-08-01 05:10:17,org
31260004,31173,org_detail_view,,/org/31173,,2026-08-01 05:10:20,org
31290001,38241,org_detail_view,,/org/38241,,2026-08-01 05:14:30,org
31290002,39721,org_detail_view,,/org/39721,,2026-08-01 05:14:43,org
31320001,31932,org_detail_view,,/org/31932,,2026-08-01 05:23:17,org
31320002,30436,org_detail_view,,/org/30436,,2026-08-01 05:23:57,org
31350001,36076,org_detail_view,,/org/36076,,2026-08-01 05:26:49,org
31380001,37456,org_detail_view,,/org/37456,,2026-08-01 05:28:37,org
31380002,38394,org_detail_view,,/org/38394,,2026-08-01 05:28:43,org
31410001,37454,org_detail_view,,/org/37454,,2026-08-01 05:33:00,org
31440001,40830,org_detail_view,,/org/40830,,2026-08-01 05:33:55,org
31440002,31319,org_detail_view,,/org/31319,,2026-08-01 05:34:23,org
31470001,34409,org_detail_view,,/org/34409,,2026-08-01 05:37:08,org
31500001,35512,org_detail_view,,/org/35512,,2026-08-01 05:41:11,org
31500002,32880,org_detail_view,,/org/32880,,2026-08-01 05:41:38,org
31500003,35653,org_detail_view,,/org/35653,,2026-08-01 05:42:29,org
31500004,31803,org_detail_view,,/org/31803,,2026-08-01 05:42:31,org
31500005,35161,org_detail_view,,/org/35161,,2026-08-01 05:42:33,org
31530001,40700,org_detail_view,,/org/40700,,2026-08-01 05:48:47,org
31560001,32680,org_detail_view,,/org/32680,,2026-08-01 05:49:28,org
31590001,38739,org_detail_view,,/org/38739,,2026-08-01 05:50:32,org
31620001,30426,org_detail_view,,/org/30426,,2026-08-01 05:53:52,org
31650001,35434,org_detail_view,,/org/35434,,2026-08-01 05:55:57,org
31680001,38421,org_detail_view,,/org/38421,,2026-08-01 05:57:53,org
31680002,38411,org_detail_view,,/org/38411,,2026-08-01 05:57:59,org
31710001,31484,org_detail_view,,/org/31484,,2026-08-01 05:59:34,org
31740001,36093,org_detail_view,,/org/36093,,2026-08-01 06:03:04,org
31770001,38283,org_detail_view,,/org/38283,,2026-08-01 06:06:12,org
31770002,41224,org_detail_view,,/org/41224,,2026-08-01 06:07:30,org
31800001,37621,org_detail_view,,/org/37621,,2026-08-01 06:10:08,org
31830001,40834,org_detail_view,,/org/40834,,2026-08-01 06:14:54,org
31860001,41299,org_detail_view,,/org/41299,,2026-08-01 06:17:20,org
31890001,38149,org_detail_view,,/org/38149,,2026-08-01 06:18:46,org
31920001,32122,org_detail_view,,/org/32122,,2026-08-01 06:21:12,org
31950001,31435,org_detail_view,,/org/31435,,2026-08-01 06:22:53,org
31950002,34496,org_detail_view,,/org/34496,,2026-08-01 06:23:09,org
31980001,36656,org_detail_view,,/org/36656,,2026-08-01 06:25:43,org
31980002,37019,org_detail_view,,/org/37019,,2026-08-01 06:27:12,org
32010001,37945,org_detail_view,,/org/37945,,2026-08-01 06:31:14,org
32010002,37255,org_detail_view,,/org/37255,,2026-08-01 06:31:47,org
32040001,33801,org_detail_view,,/org/33801,,2026-08-01 06:43:15,org
32070001,39029,org_detail_view,,/org/39029,,2026-08-01 06:46:56,org
32100001,38902,org_detail_view,,/org/38902,,2026-08-01 06:54:29,org
32100002,39167,org_detail_view,,/org/39167,,2026-08-01 06:55:00,org
32130001,35483,org_detail_view,,/org/35483,,2026-08-01 06:55:48,org
32160001,37856,org_detail_view,,/org/37856,,2026-08-01 07:02:49,org
32190001,36925,org_detail_view,,/org/36925,,2026-08-01 07:10:41,org
32220001,37438,org_detail_view,,/org/37438,,2026-08-01 07:18:30,org
32250001,36212,org_detail_view,,/org/36212,,2026-08-01 07:26:27,org
32280001,38960,org_detail_view,,/org/38960,,2026-08-01 07:31:50,org
32310001,38148,org_detail_view,,/org/38148,,2026-08-01 07:35:04,org
32340001,36609,org_detail_view,,/org/36609,,2026-08-01 07:38:50,org
32340002,32676,org_detail_view,,/org/32676,,2026-08-01 07:38:52,org
32340003,30903,org_detail_view,,/org/30903,,2026-08-01 07:38:53,org
32370001,39744,org_detail_view,,/org/39744,,2026-08-01 07:40:31,org
32400001,41179,org_detail_view,,/org/41179,,2026-08-01 07:43:07,org
32430001,38054,org_detail_view,,/org/38054,,2026-08-01 07:44:33,org
32460001,41297,org_detail_view,,/org/41297,,2026-08-01 07:46:39,org
32490001,38073,org_detail_view,,/org/38073,,2026-08-01 07:52:15,org
32520001,39357,org_detail_view,,/org/39357,,2026-08-01 07:54:24,org
32520002,38712,org_detail_view,,/org/38712,,2026-08-01 07:54:32,org
32550001,39061,org_detail_view,,/org/39061,,2026-08-01 08:00:46,org
32580001,35834,org_detail_view,,/org/35834,,2026-08-01 08:10:13,org
32610001,33385,org_detail_view,,/org/33385,,2026-08-01 08:15:09,org
32640001,36906,org_detail_view,,/org/36906,,2026-08-01 08:18:25,org
32670001,31785,org_detail_view,,/org/31785,,2026-08-01 08:27:36,org
32700001,33890,org_detail_view,,/org/33890,,2026-08-01 08:32:48,org
32700002,38633,org_detail_view,,/org/38633,,2026-08-01 08:34:15,org
32730001,40043,org_detail_view,,/org/40043,,2026-08-01 08:38:48,org
32760001,37998,org_detail_view,,/org/37998,search.yahoo.co.jp,2026-08-01 08:47:07,org
32760002,31594,org_detail_view,,/org/31594,,2026-08-01 08:47:35,org
32790001,38961,org_detail_view,,/org/38961,,2026-08-01 08:50:28,org
32820001,39266,org_detail_view,,/org/39266,,2026-08-01 08:55:33,org
32850001,32148,org_detail_view,,/org/32148,,2026-08-01 08:59:37,org
32880001,38669,org_detail_view,,/org/38669,,2026-08-01 09:10:35,org
32910001,40947,org_detail_view,,/org/40947,,2026-08-01 09:26:03,org
32940001,36803,org_detail_view,,/org/36803,,2026-08-01 09:34:12,org
32970001,36630,org_detail_view,,/org/36630,,2026-08-01 09:40:10,org
33000001,34757,org_detail_view,,/org/34757,,2026-08-01 09:52:38,org
33030001,32690,org_detail_view,,/org/32690,,2026-08-01 09:54:58,org
33060001,35317,org_detail_view,,/org/35317,,2026-08-01 10:08:38,org
33060002,39310,org_detail_view,,/org/39310,,2026-08-01 10:08:40,org
33060003,31100,org_detail_view,,/org/31100,,2026-08-01 10:10:01,org
33090001,38848,org_detail_view,,/org/38848,,2026-08-01 10:18:09,org
33090002,36972,org_detail_view,,/org/36972,,2026-08-01 10:18:28,org
33120001,37985,org_detail_view,,/org/37985,,2026-08-01 10:24:28,org
33120002,30694,org_detail_view,,/org/30694,,2026-08-01 10:24:57,org
33150001,32416,org_detail_view,,/org/32416,,2026-08-01 10:35:22,org
33180001,41176,org_detail_view,,/org/41176,,2026-08-01 11:02:30,org
33210001,37203,org_detail_view,,/org/37203,,2026-08-01 11:23:43,org
33210002,36574,org_detail_view,,/org/36574,,2026-08-01 11:23:44,org
33240001,34413,org_detail_view,,/org/34413,,2026-08-01 11:25:45,org
33270001,40873,org_detail_view,,/org/40873,,2026-08-01 11:40:02,org
33300001,30318,org_detail_view,,/org/30318,,2026-08-01 11:42:18,org
33330001,37762,org_detail_view,,/org/37762,,2026-08-01 11:45:56,org
33360001,38743,org_detail_view,,/org/38743,,2026-08-01 11:46:54,org
33390001,41437,org_detail_view,,/org/41437,,2026-08-01 11:51:27,org
33390002,39236,org_detail_view,,/org/39236,,2026-08-01 11:51:59,org
33420001,38346,org_detail_view,,/org/38346,,2026-08-01 11:55:53,org
33450001,41283,org_detail_view,,/org/41283,,2026-08-01 12:00:16,org
33480001,39008,org_detail_view,,/org/39008,,2026-08-01 12:02:27,org
33510001,31974,org_detail_view,,/org/31974,,2026-08-01 12:04:04,org
33510002,30186,org_detail_view,,/org/30186,,2026-08-01 12:04:38,org
33540001,35244,org_detail_view,,/org/35244,,2026-08-01 12:09:11,org
33570001,30139,org_detail_view,,/org/30139,,2026-08-01 12:09:57,org
33600001,41444,org_detail_view,,/org/41444,,2026-08-01 12:16:02,org
33630001,39972,org_detail_view,,/org/39972,,2026-08-01 12:17:19,org
33660001,30341,org_detail_view,,/org/30341,,2026-08-01 12:22:03,org
33690001,40633,org_detail_view,,/org/40633,,2026-08-01 12:26:24,org
33720001,39254,org_detail_view,,/org/39254,,2026-08-01 12:28:03,org
33750001,40054,org_detail_view,,/org/40054,,2026-08-01 12:34:00,org
33750002,38517,org_detail_view,,/org/38517,,2026-08-01 12:35:00,org
33750003,32201,org_detail_view,,/org/32201,,2026-08-01 12:35:26,org
33780001,30014,org_detail_view,,/org/30014,,2026-08-01 12:36:41,org
33810001,30014,org_detail_view,,/org/30014,,2026-08-01 12:38:00,org
33810002,30014,org_detail_view,,/org/30014,,2026-08-01 12:38:08,org
33810003,30016,org_detail_view,,/org/30016,,2026-08-01 12:38:14,org
33810004,30010,org_detail_view,,/org/30010,,2026-08-01 12:38:22,org
33810005,30015,org_detail_view,,/org/30015,,2026-08-01 12:38:30,org
33810006,38026,org_detail_view,,/org/38026,,2026-08-01 12:38:44,org
33810007,37958,org_detail_view,,/org/37958,,2026-08-01 12:38:46,org
33810008,30014,org_detail_view,,/org/30014,,2026-08-01 12:39:24,org
33810009,39858,org_detail_view,,/org/39858,,2026-08-01 12:39:41,org
33810010,30286,org_detail_view,,/org/30286,,2026-08-01 12:40:29,org
33840001,41149,org_detail_view,,/org/41149,,2026-08-01 12:45:53,org
33870001,31227,org_detail_view,,/org/31227,,2026-08-01 12:47:01,org
33900001,31667,org_detail_view,,/org/31667,,2026-08-01 12:53:33,org
33930001,40255,org_detail_view,,/org/40255,,2026-08-01 13:06:52,org
33930002,34032,org_detail_view,,/org/34032,,2026-08-01 13:07:15,org
33960001,37943,org_detail_view,,/org/37943,,2026-08-01 13:13:05,org
33960002,37341,org_detail_view,,/org/37341,,2026-08-01 13:13:29,org
33990001,31249,org_detail_view,,/org/31249,,2026-08-01 13:17:53,org
34020001,31956,org_detail_view,,/org/31956,,2026-08-01 13:19:40,org
34050001,33267,org_detail_view,,/org/33267,,2026-08-01 13:28:35,org
34080001,35134,org_detail_view,,/org/35134,,2026-08-01 13:33:01,org
34110001,31654,org_detail_view,,/org/31654,,2026-08-01 13:39:18,org
34110002,39415,org_detail_view,,/org/39415,,2026-08-01 13:39:29,org
34140001,39314,org_detail_view,,/org/39314,,2026-08-01 13:45:58,org
34170001,39271,org_detail_view,,/org/39271,,2026-08-01 13:51:01,org
34200001,35633,org_detail_view,,/org/35633,,2026-08-01 13:54:09,org
34230001,33312,org_detail_view,,/org/33312,,2026-08-01 13:55:42,org
34230002,37768,org_detail_view,,/org/37768,,2026-08-01 13:56:35,org
34260001,36757,org_detail_view,,/org/36757,,2026-08-01 13:58:06,org
34260002,36399,org_detail_view,,/org/36399,,2026-08-01 13:58:12,org
34290001,37658,org_detail_view,,/org/37658,,2026-08-01 14:02:35,org
34320001,37735,org_detail_view,,/org/37735,,2026-08-01 14:06:34,org
34350001,37497,org_detail_view,,/org/37497,,2026-08-01 14:10:44,org
34350002,36984,org_detail_view,,/org/36984,,2026-08-01 14:13:41,org
34380001,38762,org_detail_view,,/org/38762,,2026-08-01 14:14:52,org
34410001,34286,org_detail_view,,/org/34286,,2026-08-01 14:19:12,org
34440001,37682,org_detail_view,,/org/37682,,2026-08-01 14:23:17,org
34440002,36821,org_detail_view,,/org/36821,www.google.com,2026-08-01 14:23:24,org
34470001,36993,org_detail_view,,/org/36993,,2026-08-01 14:27:25,org
34470002,38531,org_detail_view,,/org/38531,,2026-08-01 14:27:30,org
34500001,37816,org_detail_view,,/org/37816,,2026-08-01 14:29:30,org
34530001,33193,org_detail_view,,/org/33193,,2026-08-01 14:31:45,org
34560001,35066,org_detail_view,,/org/35066,,2026-08-01 14:35:44,org
34590001,38444,org_detail_view,,/org/38444,,2026-08-01 14:37:22,org
34620001,39826,org_detail_view,,/org/39826,,2026-08-01 14:40:07,org
34650001,31563,org_detail_view,,/org/31563,,2026-08-01 14:44:03,org
34650002,40104,org_detail_view,,/org/40104,,2026-08-01 14:45:10,org
34680001,31119,org_detail_view,,/org/31119,,2026-08-01 14:48:05,org
34680002,38526,org_detail_view,,/org/38526,,2026-08-01 14:48:23,org
34710001,36564,org_detail_view,,/org/36564,,2026-08-01 14:49:48,org
34740001,39575,org_detail_view,,/org/39575,,2026-08-01 14:55:57,org
34770001,38270,org_detail_view,,/org/38270,,2026-08-01 14:58:52,org
34800001,32673,org_detail_view,,/org/32673,,2026-08-01 15:01:47,org
34830001,37334,org_detail_view,,/org/37334,,2026-08-01 15:09:30,org
34830002,38473,org_detail_view,,/org/38473,,2026-08-01 15:09:38,org
34860001,36692,org_detail_view,,/org/36692,,2026-08-01 15:12:59,org
34890001,36417,org_detail_view,,/org/36417,,2026-08-01 15:18:39,org
34920001,39944,org_detail_view,,/org/39944,,2026-08-01 15:20:19,org
34950001,33816,org_detail_view,,/org/33816,,2026-08-01 15:30:30,org
34950002,30961,org_detail_view,,/org/30961,,2026-08-01 15:31:08,org
34980001,38535,org_detail_view,,/org/38535,,2026-08-01 15:36:15,org
35010001,31579,org_detail_view,,/org/31579,,2026-08-01 15:41:53,org
35010002,36140,org_detail_view,,/org/36140,,2026-08-01 15:41:58,org
35040001,32372,org_detail_view,,/org/32372,,2026-08-01 15:47:40,org
35070001,30110,org_detail_view,,/org/30110,,2026-08-01 15:49:35,org
35100001,36117,org_detail_view,,/org/36117,,2026-08-01 15:51:09,org
35130001,37260,org_detail_view,,/org/37260,,2026-08-01 15:54:11,org
35130002,35321,org_detail_view,,/org/35321,,2026-08-01 15:54:51,org
35160001,38754,org_detail_view,,/org/38754,,2026-08-01 16:00:29,org
35190001,35877,org_detail_view,,/org/35877,,2026-08-01 16:01:52,org
35220001,36249,org_detail_view,,/org/36249,,2026-08-01 16:05:21,org
35250001,33427,org_detail_view,,/org/33427,,2026-08-01 16:09:03,org
35280001,38925,org_detail_view,,/org/38925,,2026-08-01 16:12:57,org
35310001,36540,org_detail_view,,/org/36540,,2026-08-01 16:16:20,org
35340001,30989,org_detail_view,,/org/30989,,2026-08-01 16:19:22,org
35340002,38773,org_detail_view,,/org/38773,,2026-08-01 16:19:42,org
35340003,34939,org_detail_view,,/org/34939,,2026-08-01 16:20:19,org
35370001,35767,org_detail_view,,/org/35767,,2026-08-01 16:23:17,org
35400001,36940,org_detail_view,,/org/36940,,2026-08-01 16:25:24,org
35400002,41349,org_detail_view,,/org/41349,,2026-08-01 16:25:36,org
35430001,32851,org_detail_view,,/org/32851,,2026-08-01 16:26:24,org
35430002,38468,org_detail_view,,/org/38468,,2026-08-01 16:26:45,org
35460001,37863,org_detail_view,,/org/37863,www.google.com,2026-08-01 16:29:54,org
35460002,38390,org_detail_view,,/org/38390,,2026-08-01 16:30:23,org
35490001,30631,org_detail_view,,/org/30631,,2026-08-01 16:33:49,org
35520001,33485,org_detail_view,,/org/33485,,2026-08-01 16:35:37,org
35550001,37671,org_detail_view,,/org/37671,,2026-08-01 16:40:39,org
35580001,35699,org_detail_view,,/org/35699,,2026-08-01 16:42:07,org
35610001,35103,org_detail_view,,/org/35103,,2026-08-01 16:45:30,org
35640001,38549,org_detail_view,,/org/38549,,2026-08-01 16:50:23,org
35640002,37254,org_detail_view,,/org/37254,,2026-08-01 16:50:27,org
35670001,31847,org_detail_view,,/org/31847,,2026-08-01 16:55:31,org
35700001,35139,org_detail_view,,/org/35139,,2026-08-01 16:58:53,org
35730001,31284,org_detail_view,,/org/31284,,2026-08-01 17:00:21,org
35760001,37613,org_detail_view,,/org/37613,,2026-08-01 17:05:25,org
35790001,34726,org_detail_view,,/org/34726,,2026-08-01 17:07:01,org
35820001,32665,org_detail_view,,/org/32665,,2026-08-01 17:10:26,org
35850001,40285,org_detail_view,,/org/40285,,2026-08-01 17:15:36,org
35880001,33734,org_detail_view,,/org/33734,,2026-08-01 17:23:41,org
35910001,30333,org_detail_view,,/org/30333,,2026-08-01 17:25:21,org
35940001,37889,org_detail_view,,/org/37889,,2026-08-01 17:30:38,org
35970001,34898,org_detail_view,,/org/34898,,2026-08-01 17:32:14,org
36000001,38006,org_detail_view,,/org/38006,,2026-08-01 17:35:20,org
36030001,41276,org_detail_view,,/org/41276,,2026-08-01 17:38:35,org
36030002,33125,org_detail_view,,/org/33125,,2026-08-01 17:39:03,org
36060001,38574,org_detail_view,,/org/38574,,2026-08-01 17:42:30,org
36090001,38465,org_detail_view,,/org/38465,,2026-08-01 17:45:43,org
36120001,31258,org_detail_view,,/org/31258,,2026-08-01 17:49:41,org
36150001,35153,org_detail_view,,/org/35153,,2026-08-01 17:52:42,org
36180001,37123,org_detail_view,,/org/37123,,2026-08-01 17:56:51,org
36210001,33058,org_detail_view,,/org/33058,,2026-08-01 17:59:18,org
36240001,32422,org_detail_view,,/org/32422,,2026-08-01 18:03:57,org
36270001,39804,org_detail_view,,/org/39804,,2026-08-01 18:07:16,org
36300001,39856,org_detail_view,,/org/39856,,2026-08-01 18:12:58,org
36330001,30088,org_detail_view,,/org/30088,,2026-08-01 18:18:18,org
36360001,32570,org_detail_view,,/org/32570,,2026-08-01 18:19:46,org
36390001,38078,org_detail_view,,/org/38078,,2026-08-01 18:25:13,org
36390002,31007,org_detail_view,,/org/31007,,2026-08-01 18:25:19,org
36420001,33263,org_detail_view,,/org/33263,,2026-08-01 18:26:35,org
36450001,30142,org_detail_view,,/org/30142,,2026-08-01 18:32:31,org
36480001,32977,org_detail_view,,/org/32977,,2026-08-01 18:33:23,org
36510001,30453,org_detail_view,,/org/30453,,2026-08-01 18:39:52,org
36510002,33464,org_detail_view,,/org/33464,,2026-08-01 18:40:11,org
36540001,38882,org_detail_view,,/org/38882,,2026-08-01 18:47:05,org
36570001,38917,org_detail_view,,/org/38917,,2026-08-01 18:55:41,org
36570002,38951,org_detail_view,,/org/38951,,2026-08-01 18:56:16,org
36600001,38776,org_detail_view,,/org/38776,,2026-08-01 18:57:12,org
36630001,34310,org_detail_view,,/org/34310,,2026-08-01 19:07:18,org
36660001,38133,org_detail_view,,/org/38133,,2026-08-01 19:17:13,org
36690001,38717,org_detail_view,,/org/38717,,2026-08-01 19:27:09,org
36720001,34035,org_detail_view,,/org/34035,,2026-08-01 20:08:38,org
36750001,34297,org_detail_view,,/org/34297,,2026-08-01 20:20:44,org
36780001,36490,org_detail_view,,/org/36490,www.google.com,2026-08-01 21:13:11,org
36780002,36490,org_detail_view,,/org/36490,www.google.com,2026-08-01 21:13:43,org
36780003,36490,org_detail_view,,/org/36490,www.google.com,2026-08-01 21:13:46,org
36780004,38078,org_detail_view,,/org/38078,www.google.com,2026-08-01 21:13:57,org
36780005,38078,org_detail_view,,/org/38078,www.google.com,2026-08-01 21:15:19,org
36780006,35154,org_detail_view,,/org/35154,,2026-08-01 21:25:32,org
36780007,36155,org_detail_view,,/org/36155,,2026-08-01 21:26:18,org
36780008,40696,org_detail_view,,/org/40696,,2026-08-01 21:32:10,org
36780009,33285,org_detail_view,,/org/33285,,2026-08-01 21:52:41,org
36780010,35976,org_detail_view,,/org/35976,,2026-08-01 22:05:52,org
36780011,41094,org_detail_view,,/org/41094,,2026-08-01 22:24:36,org
36810001,40210,org_detail_view,,/org/40210,,2026-08-01 22:38:46,org
36840001,38638,org_detail_view,,/org/38638,,2026-08-01 22:43:23,org
36870001,30695,org_detail_view,,/org/30695,,2026-08-01 23:21:00,org
36900001,32790,org_detail_view,,/org/32790,,2026-08-01 23:39:35,org
36930001,35252,org_detail_view,,/org/35252,,2026-08-01 23:50:01,org
36960001,40686,org_detail_view,,/org/40686,,2026-08-01 23:55:49,org
36960002,31307,org_detail_view,,/org/31307,,2026-08-01 23:56:13,org
36990001,38287,org_detail_view,,/org/38287,,2026-08-01 23:59:30,org
37020001,33749,org_detail_view,,/org/33749,,2026-08-02 00:08:51,org
37050001,36090,org_detail_view,,/org/36090,,2026-08-02 00:18:09,org
37080001,33549,org_detail_view,,/org/33549,,2026-08-02 00:22:35,org
37110001,31819,org_detail_view,,/org/31819,,2026-08-02 00:27:30,org
37140001,36318,org_detail_view,,/org/36318,www.google.com,2026-08-02 00:36:12,org
37170001,39079,org_detail_view,,/org/39079,,2026-08-02 00:37:00,org
37200001,33607,org_detail_view,,/org/33607,,2026-08-02 00:43:53,org
37200002,30816,org_detail_view,,/org/30816,www.google.com,2026-08-02 00:44:21,org
37230001,38366,org_detail_view,,/org/38366,,2026-08-02 00:46:21,org
37260001,30058,org_detail_view,,/org/30058,,2026-08-02 01:04:55,org
37290001,40681,org_detail_view,,/org/40681,,2026-08-02 01:08:42,org
37320001,30931,org_detail_view,,/org/30931,,2026-08-02 01:18:02,org
37320002,30931,org_detail_view,,/org/30931,,2026-08-02 01:18:44,org
37350001,38874,org_detail_view,,/org/38874,,2026-08-02 01:21:27,org
37380001,38964,org_detail_view,,/org/38964,,2026-08-02 01:23:45,org
37410001,40045,org_detail_view,,/org/40045,,2026-08-02 01:36:01,org
37410002,35812,org_detail_view,,/org/35812,,2026-08-02 01:36:02,org
37440001,33340,org_detail_view,,/org/33340,,2026-08-02 01:40:48,org
37470001,38137,org_detail_view,,/org/38137,,2026-08-02 01:42:44,org
37500001,30931,org_detail_view,,/org/30931,,2026-08-02 01:48:00,org
37530001,30931,org_detail_view,,/org/30931,,2026-08-02 01:49:25,org
37530002,40435,org_detail_view,,/org/40435,,2026-08-02 01:49:34,org
37560001,37210,org_detail_view,,/org/37210,,2026-08-02 01:58:56,org
37560002,39279,org_detail_view,,/org/39279,,2026-08-02 02:01:13,org
37590001,30304,org_detail_view,,/org/30304,,2026-08-02 02:06:50,org
37620001,39232,org_detail_view,,/org/39232,,2026-08-02 02:13:05,org
37650001,30751,org_detail_view,,/org/30751,,2026-08-02 02:15:00,org
37680001,32972,org_detail_view,,/org/32972,,2026-08-02 02:17:47,org
37680002,31136,org_detail_view,,/org/31136,,2026-08-02 02:18:37,org
37680003,31763,org_detail_view,,/org/31763,,2026-08-02 02:19:12,org
37680004,32297,org_detail_view,,/org/32297,,2026-08-02 02:19:34,org
37680005,32298,org_detail_view,,/org/32298,,2026-08-02 02:19:56,org
37680006,33387,org_detail_view,,/org/33387,,2026-08-02 02:20:35,org
37710001,33719,org_detail_view,,/org/33719,,2026-08-02 02:22:09,org
37710002,34313,org_detail_view,,/org/34313,,2026-08-02 02:22:39,org
37740001,34319,org_detail_view,,/org/34319,,2026-08-02 02:23:51,org
37770001,33454,org_detail_view,,/org/33454,,2026-08-02 02:25:33,org
37800001,31960,org_detail_view,,/org/31960,,2026-08-02 02:26:16,org
37800002,30311,org_detail_view,,/org/30311,,2026-08-02 02:27:04,org
37800003,31663,org_detail_view,,/org/31663,,2026-08-02 02:27:04,org
37830001,35717,org_detail_view,,/org/35717,,2026-08-02 02:28:54,org
37860001,40450,org_detail_view,,/org/40450,,2026-08-02 02:29:42,org
37890001,30359,org_detail_view,,/org/30359,,2026-08-02 02:30:57,org
37890002,30558,org_detail_view,,/org/30558,,2026-08-02 02:31:33,org
37890003,30850,org_detail_view,,/org/30850,,2026-08-02 02:32:05,org
37890004,31041,org_detail_view,,/org/31041,,2026-08-02 02:33:03,org
37890005,32060,org_detail_view,,/org/32060,www.google.com,2026-08-02 02:33:29,org
37890006,32020,org_detail_view,,/org/32020,,2026-08-02 02:34:26,org
37920001,30959,org_detail_view,,/org/30959,,2026-08-02 02:36:30,org
37950001,41421,org_detail_view,,/org/41421,,2026-08-02 02:38:44,org
37980001,37850,org_detail_view,,/org/37850,,2026-08-02 02:47:57,org
38010001,33250,org_detail_view,,/org/33250,,2026-08-02 02:49:33,org
38040001,33434,org_detail_view,,/org/33434,,2026-08-02 02:51:09,org
38070001,34147,org_detail_view,,/org/34147,,2026-08-02 02:52:09,org
38070002,34440,org_detail_view,,/org/34440,,2026-08-02 02:52:58,org
38100001,36863,org_detail_view,,/org/36863,,2026-08-02 02:54:18,org
38130001,41138,org_detail_view,,/org/41138,,2026-08-02 02:55:07,org
38130002,41378,org_detail_view,,/org/41378,,2026-08-02 02:55:27,org
38160001,32375,org_detail_view,,/org/32375,,2026-08-02 02:56:12,org
38190001,34827,org_detail_view,,/org/34827,,2026-08-02 02:56:56,org
38190002,35173,org_detail_view,,/org/35173,,2026-08-02 02:57:56,org
38220001,36193,org_detail_view,,/org/36193,,2026-08-02 02:58:42,org
38220002,36306,org_detail_view,,/org/36306,,2026-08-02 02:59:01,org
38220003,41058,org_detail_view,,/org/41058,,2026-08-02 02:59:27,org
38250001,36375,org_detail_view,,/org/36375,,2026-08-02 03:00:13,org
38250002,36868,org_detail_view,,/org/36868,,2026-08-02 03:00:49,org
38280001,36936,org_detail_view,,/org/36936,,2026-08-02 03:02:06,org
38280002,37185,org_detail_view,,/org/37185,,2026-08-02 03:02:57,org
38280003,38108,org_detail_view,,/org/38108,,2026-08-02 03:03:32,org
38310001,39221,org_detail_view,,/org/39221,,2026-08-02 03:04:34,org
38310002,39603,org_detail_view,,/org/39603,,2026-08-02 03:04:52,org
38340001,39906,org_detail_view,,/org/39906,,2026-08-02 03:05:52,org
38370001,41227,org_detail_view,,/org/41227,,2026-08-02 03:06:33,org
38370002,30095,org_detail_view,,/org/30095,,2026-08-02 03:06:48,org
38370003,31378,org_detail_view,,/org/31378,,2026-08-02 03:07:41,org
38370004,31396,org_detail_view,,/org/31396,,2026-08-02 03:08:22,org
38370005,36840,org_detail_view,,/org/36840,,2026-08-02 03:08:41,org
38370006,34278,org_detail_view,,/org/34278,,2026-08-02 03:08:45,org
38370007,34574,org_detail_view,,/org/34574,,2026-08-02 03:09:00,org
38400001,35121,org_detail_view,,/org/35121,,2026-08-02 03:09:42,org
38400002,37672,org_detail_view,,/org/37672,,2026-08-02 03:10:27,org
38400003,37932,org_detail_view,,/org/37932,,2026-08-02 03:10:42,org
38400004,30405,org_detail_view,,/org/30405,,2026-08-02 03:11:00,org
38400005,39779,org_detail_view,,/org/39779,,2026-08-02 03:11:26,org
38400006,40379,org_detail_view,,/org/40379,,2026-08-02 03:11:42,org
38430001,30236,org_detail_view,,/org/30236,,2026-08-02 03:12:31,org
38430002,32488,org_detail_view,,/org/32488,,2026-08-02 03:12:54,org
38430003,32848,org_detail_view,,/org/32848,,2026-08-02 03:13:56,org
38460001,32970,org_detail_view,,/org/32970,,2026-08-02 03:14:38,org
38460002,33429,org_detail_view,,/org/33429,,2026-08-02 03:14:52,org
38460003,33646,org_detail_view,,/org/33646,,2026-08-02 03:15:15,org
38460004,34049,org_detail_view,,/org/34049,,2026-08-02 03:16:33,org
38490001,34283,org_detail_view,,/org/34283,,2026-08-02 03:17:31,org
38490002,40070,org_detail_view,,/org/40070,search.yahoo.co.jp,2026-08-02 03:17:41,org
38490003,34294,org_detail_view,,/org/34294,,2026-08-02 03:18:49,org
38490004,40070,org_detail_view,,/org/40070,search.yahoo.co.jp,2026-08-02 03:19:25,org
38520001,34379,org_detail_view,,/org/34379,,2026-08-02 03:20:11,org
38520002,34641,org_detail_view,,/org/34641,,2026-08-02 03:20:44,org
38520003,40070,org_detail_view,,/org/40070,search.yahoo.co.jp,2026-08-02 03:20:55,org
38520004,40070,org_detail_view,,/org/40070,search.yahoo.co.jp,2026-08-02 03:21:05,org
38520005,35554,org_detail_view,,/org/35554,,2026-08-02 03:21:47,org
38520006,37011,org_detail_view,,/org/37011,,2026-08-02 03:22:00,org
38520007,32247,org_detail_view,,/org/32247,,2026-08-02 03:22:36,org
38520008,37596,org_detail_view,,/org/37596,,2026-08-02 03:22:41,org
38520009,38013,org_detail_view,,/org/38013,,2026-08-02 03:23:09,org
38520010,32245,org_detail_view,,/org/32245,,2026-08-02 03:23:31,org
38520011,32427,org_detail_view,,/org/32427,,2026-08-02 03:24:19,org
38520012,35300,org_detail_view,,/org/35300,,2026-08-02 03:24:52,org
38550001,34084,org_detail_view,,/org/34084,,2026-08-02 03:27:00,org
38580001,35452,org_detail_view,,/org/35452,,2026-08-02 03:27:58,org
38610001,35504,org_detail_view,,/org/35504,,2026-08-02 03:28:59,org
38640001,35839,org_detail_view,,/org/35839,,2026-08-02 03:30:11,org
38670001,37023,org_detail_view,,/org/37023,,2026-08-02 03:31:20,org
38700001,38065,org_detail_view,,/org/38065,,2026-08-02 03:32:13,org
38700002,38888,org_detail_view,,/org/38888,,2026-08-02 03:33:01,org
38730001,36282,org_detail_view,,/org/36282,,2026-08-02 03:33:45,org
38730002,37833,org_detail_view,,/org/37833,,2026-08-02 03:34:08,org
38730003,36843,org_detail_view,,/org/36843,,2026-08-02 03:34:28,org
38760001,37033,org_detail_view,,/org/37033,,2026-08-02 03:35:26,org
38790001,38210,org_detail_view,,/org/38210,,2026-08-02 03:36:48,org
38790002,39001,org_detail_view,,/org/39001,,2026-08-02 03:37:41,org
38790003,39540,org_detail_view,,/org/39540,,2026-08-02 03:38:15,org
38790004,40940,org_detail_view,,/org/40940,,2026-08-02 03:38:28,org
38790005,36828,org_detail_view,,/org/36828,,2026-08-02 03:38:41,org
38790006,30916,org_detail_view,,/org/30916,,2026-08-02 03:39:21,org
38820001,30609,org_detail_view,,/org/30609,,2026-08-02 03:41:40,org
38850001,30735,org_detail_view,,/org/30735,,2026-08-02 03:43:27,org
38850002,35344,org_detail_view,,/org/35344,,2026-08-02 03:43:51,org
38880001,38890,org_detail_view,,/org/38890,,2026-08-02 03:48:28,org
38910001,39768,org_detail_view,,/org/39768,,2026-08-02 03:50:14,org
38910002,30885,org_detail_view,,/org/30885,,2026-08-02 03:50:20,org
38940001,31370,org_detail_view,,/org/31370,,2026-08-02 03:51:02,org
38970001,31463,org_detail_view,,/org/31463,,2026-08-02 03:52:15,org
38970002,31477,org_detail_view,,/org/31477,,2026-08-02 03:53:07,org
39000001,31585,org_detail_view,,/org/31585,,2026-08-02 03:55:02,org
39000002,32681,org_detail_view,,/org/32681,,2026-08-02 03:55:19,org
39000003,32029,org_detail_view,,/org/32029,,2026-08-02 03:55:34,org
39000004,32226,org_detail_view,,/org/32226,,2026-08-02 03:56:21,org
39030001,37875,org_detail_view,,/org/37875,,2026-08-02 04:02:04,org
39030002,31114,org_detail_view,,/org/31114,,2026-08-02 04:02:38,org
39060001,35173,org_detail_view,,/org/35173,,2026-08-02 04:08:14,org
39090001,36214,org_detail_view,,/org/36214,,2026-08-02 04:09:51,org
39120001,34058,org_detail_view,,/org/34058,,2026-08-02 04:13:23,org
39150001,39303,org_detail_view,,/org/39303,www.google.com,2026-08-02 04:16:33,org
39150002,34754,org_detail_view,,/org/34754,,2026-08-02 04:17:16,org
39180001,36908,org_detail_view,,/org/36908,,2026-08-02 04:24:18,org
39180002,36055,org_detail_view,,/org/36055,,2026-08-02 04:24:50,org
39210001,39978,org_detail_view,,/org/39978,,2026-08-02 04:31:21,org
39240001,30273,org_detail_view,,/org/30273,,2026-08-02 04:38:34,org
39270001,39468,org_detail_view,,/org/39468,,2026-08-02 04:40:47,org
39300001,34145,org_detail_view,,/org/34145,,2026-08-02 04:50:01,org
39330001,33307,org_detail_view,,/org/33307,,2026-08-02 04:52:24,org
39360001,38493,org_detail_view,,/org/38493,,2026-08-02 04:55:37,org
39360002,38141,org_detail_view,,/org/38141,,2026-08-02 04:56:19,org
39390001,35184,org_detail_view,,/org/35184,,2026-08-02 04:59:24,org
39420001,31944,org_detail_view,,/org/31944,,2026-08-02 05:05:47,org
39450001,41406,org_detail_view,,/org/41406,,2026-08-02 05:08:55,org
39480001,34570,org_detail_view,,/org/34570,,2026-08-02 05:18:07,org
39510001,33439,org_detail_view,,/org/33439,,2026-08-02 05:19:25,org
39540001,36255,org_detail_view,,/org/36255,,2026-08-02 05:27:35,org
39570001,38072,org_detail_view,,/org/38072,,2026-08-02 05:32:38,org
39600001,39359,org_detail_view,,/org/39359,,2026-08-02 05:36:19,org
39630001,31990,org_detail_view,,/org/31990,,2026-08-02 05:40:41,org
39660001,35110,org_detail_view,,/org/35110,,2026-08-02 05:44:24,org
39690001,41103,org_detail_view,,/org/41103,,2026-08-02 05:45:16,org
39720001,37370,org_detail_view,,/org/37370,,2026-08-02 05:49:40,org
39750001,32544,org_detail_view,,/org/32544,,2026-08-02 05:54:15,org
39780001,39124,org_detail_view,,/org/39124,,2026-08-02 05:58:23,org
39810001,32058,org_detail_view,,/org/32058,,2026-08-02 06:02:53,org
39840001,33056,org_detail_view,,/org/33056,,2026-08-02 06:07:14,org
39870001,36021,org_detail_view,,/org/36021,,2026-08-02 06:09:25,org
39900001,37226,org_detail_view,,/org/37226,,2026-08-02 06:11:50,org
39930001,32059,org_detail_view,,/org/32059,,2026-08-02 06:16:10,org
39960001,40361,org_detail_view,,/org/40361,,2026-08-02 06:20:30,org
39990001,33151,org_detail_view,,/org/33151,,2026-08-02 06:24:52,org
40020001,41085,org_detail_view,,/org/41085,,2026-08-02 06:30:35,org
40050001,36165,org_detail_view,,/org/36165,,2026-08-02 06:36:29,org
40080001,39120,org_detail_view,,/org/39120,,2026-08-02 06:42:13,org
40110001,39298,org_detail_view,,/org/39298,,2026-08-02 06:47:58,org
40140001,34865,org_detail_view,,/org/34865,,2026-08-02 06:53:49,org
40170001,33747,org_detail_view,,/org/33747,,2026-08-02 06:56:02,org
40200001,35972,org_detail_view,,/org/35972,,2026-08-02 06:59:28,org
40230001,34699,org_detail_view,,/org/34699,,2026-08-02 07:05:14,org
40260001,32401,org_detail_view,,/org/32401,www.google.com,2026-08-02 07:10:02,org
40290001,35013,org_detail_view,,/org/35013,,2026-08-02 07:11:05,org
40320001,41372,org_detail_view,,/org/41372,,2026-08-02 07:16:49,org
40350001,36409,org_detail_view,,/org/36409,www.google.com,2026-08-02 07:17:26,org
40380001,36223,org_detail_view,,/org/36223,,2026-08-02 07:22:34,org
40410001,35295,org_detail_view,,/org/35295,,2026-08-02 07:24:28,org
40440001,30519,org_detail_view,,/org/30519,,2026-08-02 07:25:35,org
40440002,33207,org_detail_view,,/org/33207,,2026-08-02 07:26:12,org
40470001,35836,org_detail_view,,/org/35836,,2026-08-02 07:28:17,org
40500001,34465,org_detail_view,,/org/34465,,2026-08-02 07:35:12,org
40530001,35463,org_detail_view,,/org/35463,,2026-08-02 07:37:12,org
40560001,39767,org_detail_view,,/org/39767,,2026-08-02 07:45:53,org
40560002,38368,org_detail_view,,/org/38368,,2026-08-02 07:46:02,org
40590001,35173,org_detail_view,,/org/35173,,2026-08-02 07:50:18,org
40620001,35219,org_detail_view,,/org/35219,,2026-08-02 07:54:49,org
40650001,33094,org_detail_view,,/org/33094,,2026-08-02 07:56:35,org
40680001,30692,org_detail_view,,/org/30692,,2026-08-02 08:03:36,org
40710001,33589,org_detail_view,,/org/33589,,2026-08-02 08:07:14,org
40740001,37047,org_detail_view,,/org/37047,,2026-08-02 08:12:29,org
40770001,40347,org_detail_view,,/org/40347,,2026-08-02 08:18:08,org
40800001,35170,org_detail_view,,/org/35170,,2026-08-02 08:21:13,org
40830001,40423,org_detail_view,,/org/40423,,2026-08-02 08:28:39,org
40860001,38838,org_detail_view,,/org/38838,,2026-08-02 08:30:05,org
40890001,30724,org_detail_view,,/org/30724,,2026-08-02 08:39:00,org
40890002,36265,org_detail_view,,/org/36265,,2026-08-02 08:39:26,org
40920001,41051,org_detail_view,,/org/41051,,2026-08-02 08:51:57,org
40950001,37507,org_detail_view,,/org/37507,,2026-08-02 09:00:19,org
40980001,32136,org_detail_view,,/org/32136,,2026-08-02 09:04:24,org
41010001,38322,org_detail_view,,/org/38322,,2026-08-02 09:17:07,org
41040001,32007,org_detail_view,,/org/32007,,2026-08-02 09:21:46,org
41070001,39567,org_detail_view,,/org/39567,,2026-08-02 09:29:23,org
41100001,39234,org_detail_view,,/org/39234,,2026-08-02 09:41:56,org
41130001,30734,org_detail_view,,/org/30734,,2026-08-02 09:43:21,org
41160001,39829,org_detail_view,,/org/39829,,2026-08-02 09:54:52,org
41160002,37231,org_detail_view,,/org/37231,,2026-08-02 09:55:35,org
41190001,34631,org_detail_view,,/org/34631,,2026-08-02 09:58:43,org
41220001,39226,org_detail_view,,/org/39226,,2026-08-02 10:06:21,org
41250001,40069,org_detail_view,,/org/40069,,2026-08-02 10:15:28,org
41280001,35457,org_detail_view,,/org/35457,,2026-08-02 10:17:51,org
41310001,30572,org_detail_view,,/org/30572,,2026-08-02 10:29:24,org
41340001,38955,org_detail_view,,/org/38955,,2026-08-02 10:31:53,org
41370001,36721,org_detail_view,,/org/36721,,2026-08-02 10:40:55,org
41400001,38710,org_detail_view,,/org/38710,,2026-08-02 10:51:49,org
41430001,39839,org_detail_view,,/org/39839,,2026-08-02 10:55:55,org
41460001,36261,org_detail_view,,/org/36261,,2026-08-02 11:09:24,org
41490001,38020,org_detail_view,,/org/38020,,2026-08-02 11:10:56,org
41520001,34251,org_detail_view,,/org/34251,,2026-08-02 11:25:58,org
41550001,33314,org_detail_view,,/org/33314,search.yahoo.co.jp,2026-08-02 11:27:59,org
41580001,33839,org_detail_view,,/org/33839,www.google.com,2026-08-02 11:32:43,org
41610001,36331,org_detail_view,,/org/36331,,2026-08-02 11:35:00,org
41640001,33046,org_detail_view,,/org/33046,,2026-08-02 11:39:17,org
41670001,30919,org_detail_view,,/org/30919,,2026-08-02 11:43:34,org
41700001,35585,org_detail_view,,/org/35585,,2026-08-02 11:47:49,org
41730001,32758,org_detail_view,,/org/32758,,2026-08-02 11:51:49,org
41730002,34170,org_detail_view,,/org/34170,,2026-08-02 11:52:30,org
41760001,41155,org_detail_view,,/org/41155,,2026-08-02 11:59:27,org
41790001,35785,org_detail_view,,/org/35785,,2026-08-02 12:07:49,org
41820001,36950,org_detail_view,,/org/36950,,2026-08-02 12:16:02,org
41850001,35304,org_detail_view,,/org/35304,,2026-08-02 12:24:29,org
41850002,32351,org_detail_view,,/org/32351,,2026-08-02 12:24:50,org
41850003,36530,org_detail_view,,/org/36530,,2026-08-02 12:25:39,org
41850004,32351,org_detail_view,,/org/32351,,2026-08-02 12:25:47,org
41880001,41286,org_detail_view,,/org/41286,,2026-08-02 12:32:47,org
41910001,36661,org_detail_view,,/org/36661,,2026-08-02 12:42:06,org
41940001,30705,org_detail_view,,/org/30705,,2026-08-02 12:51:29,org
41970001,36404,org_detail_view,,/org/36404,,2026-08-02 13:00:51,org
42000001,39425,org_detail_view,,/org/39425,,2026-08-02 13:10:20,org
42030001,37820,org_detail_view,,/org/37820,,2026-08-02 13:19:38,org
42060001,41348,org_detail_view,,/org/41348,,2026-08-02 13:29:06,org
42090001,32351,org_detail_view,,/org/32351,,2026-08-02 13:31:56,org
42120001,40743,org_detail_view,,/org/40743,,2026-08-02 13:38:23,org
42150001,32457,org_detail_view,,/org/32457,,2026-08-02 13:48:21,org
42180001,35016,org_detail_view,,/org/35016,,2026-08-02 13:58:20,org
42210001,32681,org_detail_view,,/org/32681,,2026-08-02 14:02:37,org
42240001,32681,org_detail_view,,/org/32681,,2026-08-02 14:04:02,org
42270001,36281,org_detail_view,,/org/36281,,2026-08-02 14:08:32,org
42300001,38646,org_detail_view,,/org/38646,,2026-08-02 14:28:21,org
42330001,41412,org_detail_view,,/org/41412,,2026-08-02 14:38:25,org
42330002,32351,org_detail_view,,/org/32351,,2026-08-02 14:38:43,org
42360001,37449,org_detail_view,,/org/37449,,2026-08-02 14:48:25,org
42390001,32351,org_detail_view,,/org/32351,,2026-08-02 14:52:04,org
42420001,31966,org_detail_view,,/org/31966,,2026-08-02 14:55:39,org
42450001,34794,org_detail_view,,/org/34794,,2026-08-02 15:05:13,org
42480001,37446,org_detail_view,,/org/37446,,2026-08-02 15:22:41,org
42510001,30502,org_detail_view,,/org/30502,,2026-08-02 15:38:23,org
42540001,33424,org_detail_view,,/org/33424,,2026-08-02 17:25:31,org
42570001,36870,org_detail_view,,/org/36870,,2026-08-02 18:11:42,org
42600001,41120,org_detail_view,,/org/41120,,2026-08-02 19:55:32,org
42630001,31166,org_detail_view,,/org/31166,,2026-08-02 20:08:17,org
42660001,37560,org_detail_view,,/org/37560,,2026-08-02 20:15:30,org
42690001,38328,org_detail_view,,/org/38328,,2026-08-02 21:30:28,org
42720001,39805,org_detail_view,,/org/39805,,2026-08-02 21:55:33,org
42750001,34038,org_detail_view,,/org/34038,,2026-08-02 22:25:42,org
42780001,41298,org_detail_view,,/org/41298,,2026-08-02 22:45:34,org
42810001,36315,org_detail_view,,/org/36315,,2026-08-02 23:23:03,org
42840001,30528,org_detail_view,,/org/30528,search.yahoo.co.jp,2026-08-02 23:48:49,org
42840002,30548,org_detail_view,,/org/30548,search.yahoo.co.jp,2026-08-02 23:49:15,org
42840003,30548,org_detail_view,,/org/30548,search.yahoo.co.jp,2026-08-02 23:49:32,org
42870001,30548,org_detail_view,,/org/30548,search.yahoo.co.jp,2026-08-02 23:51:12,org
42900001,32681,org_detail_view,,/org/32681,,2026-08-02 23:57:46,org
42900002,32681,org_detail_view,,/org/32681,,2026-08-02 23:58:07,org
42930001,32681,org_detail_view,,/org/32681,,2026-08-02 23:59:47,org
42930002,36626,org_detail_view,,/org/36626,,2026-08-03 00:00:40,org
42960001,32847,org_detail_view,,/org/32847,www.google.com,2026-08-03 00:14:21,org
42990001,30555,org_detail_view,,/org/30555,www.google.com,2026-08-03 00:48:21,org
43020001,33434,org_detail_view,,/org/33434,,2026-08-03 00:51:08,org
43050001,35263,org_detail_view,,/org/35263,,2026-08-03 00:55:38,org
43080001,31460,org_detail_view,,/org/31460,,2026-08-03 01:09:33,org
43110001,30018,org_detail_view,,/org/30018,chatgpt.com,2026-08-03 01:19:03,org
43140001,37123,org_detail_view,,/org/37123,,2026-08-03 01:22:02,org
43170001,40051,org_detail_view,,/org/40051,www.google.com,2026-08-03 01:38:46,org
43200001,33166,org_detail_view,,/org/33166,,2026-08-03 01:42:35,org
43230001,33260,org_detail_view,,/org/33260,,2026-08-03 01:43:25,org
43260001,33357,org_detail_view,,/org/33357,,2026-08-03 01:46:31,org
43290001,33551,org_detail_view,,/org/33551,,2026-08-03 01:47:29,org
43290002,33649,org_detail_view,,/org/33649,,2026-08-03 01:48:40,org
43320001,33920,org_detail_view,,/org/33920,,2026-08-03 01:49:34,org
43350001,34074,org_detail_view,,/org/34074,,2026-08-03 01:51:12,org
43350002,34945,org_detail_view,,/org/34945,,2026-08-03 01:51:49,org
43350003,35054,org_detail_view,,/org/35054,,2026-08-03 01:52:48,org
43380001,35138,org_detail_view,,/org/35138,,2026-08-03 01:53:34,org
43410001,38246,org_detail_view,,/org/38246,,2026-08-03 01:54:20,org
43440001,36580,org_detail_view,,/org/36580,,2026-08-03 02:01:04,org
43470001,36204,org_detail_view,,/org/36204,www.google.com,2026-08-03 02:06:10,org
43470002,39386,org_detail_view,,/org/39386,,2026-08-03 02:06:33,org
43470003,41201,org_detail_view,,/org/41201,,2026-08-03 02:07:26,org
43470004,36747,org_detail_view,,/org/36747,,2026-08-03 02:07:45,org
43470005,36761,org_detail_view,,/org/36761,,2026-08-03 02:08:29,org
43470006,36979,org_detail_view,,/org/36979,,2026-08-03 02:09:24,org
43470007,36979,org_detail_view,,/org/36979,,2026-08-03 02:10:14,org
43470008,37101,org_detail_view,,/org/37101,,2026-08-03 02:10:37,org
43500001,38107,org_detail_view,,/org/38107,,2026-08-03 02:11:32,org
43500002,39942,org_detail_view,,/org/39942,,2026-08-03 02:11:53,org
43530001,39950,org_detail_view,,/org/39950,,2026-08-03 02:12:49,org
43560001,37707,org_detail_view,,/org/37707,,2026-08-03 02:13:37,org
43590001,40878,org_detail_view,,/org/40878,,2026-08-03 02:16:07,org
43620001,41062,org_detail_view,,/org/41062,,2026-08-03 02:17:50,org
43620002,32488,org_detail_view,,/org/32488,,2026-08-03 02:18:30,org
43620003,32345,org_detail_view,,/org/32345,,2026-08-03 02:18:41,org
43620004,32488,org_detail_view,,/org/32488,,2026-08-03 02:19:13,org
43620005,32488,org_detail_view,,/org/32488,,2026-08-03 02:19:21,org
43620006,32393,org_detail_view,,/org/32393,,2026-08-03 02:19:34,org
43650001,36212,org_detail_view,,/org/36212,www.google.com,2026-08-03 02:21:24,org
43650002,32519,org_detail_view,,/org/32519,,2026-08-03 02:21:40,org
43680001,32899,org_detail_view,,/org/32899,,2026-08-03 02:22:43,org
43680002,33113,org_detail_view,,/org/33113,,2026-08-03 02:23:38,org
43680003,33119,org_detail_view,,/org/33119,,2026-08-03 02:23:57,org
43710001,37909,org_detail_view,,/org/37909,,2026-08-03 02:24:50,org
43740001,33808,org_detail_view,,/org/33808,,2026-08-03 02:26:12,org
43740002,37909,org_detail_view,,/org/37909,,2026-08-03 02:26:17,org
43740003,31473,org_detail_view,,/org/31473,,2026-08-03 02:26:47,org
43740004,31473,org_detail_view,,/org/31473,,2026-08-03 02:27:24,org
43740005,36066,org_detail_view,,/org/36066,,2026-08-03 02:27:40,org
43740006,36784,org_detail_view,,/org/36784,,2026-08-03 02:28:16,org
43740007,40726,org_detail_view,,/org/40726,www.google.com,2026-08-03 02:28:20,org
43740008,36826,org_detail_view,,/org/36826,,2026-08-03 02:28:33,org
43770001,36846,org_detail_view,,/org/36846,,2026-08-03 02:29:31,org
43770002,36891,org_detail_view,,/org/36891,,2026-08-03 02:29:47,org
43800001,37685,org_detail_view,,/org/37685,,2026-08-03 02:30:41,org
43800002,38072,org_detail_view,,/org/38072,,2026-08-03 02:31:40,org
43830001,38176,org_detail_view,,/org/38176,,2026-08-03 02:32:52,org
43860001,39678,org_detail_view,,/org/39678,,2026-08-03 02:34:03,org
43860002,35808,org_detail_view,,/org/35808,www.google.com,2026-08-03 02:34:23,org
43860003,39824,org_detail_view,,/org/39824,,2026-08-03 02:35:10,org
43860004,39872,org_detail_view,,/org/39872,,2026-08-03 02:35:43,org
43860005,40050,org_detail_view,,/org/40050,,2026-08-03 02:36:00,org
43860006,40635,org_detail_view,,/org/40635,,2026-08-03 02:36:14,org
43890001,40670,org_detail_view,,/org/40670,,2026-08-03 02:37:24,org
43890002,41374,org_detail_view,,/org/41374,,2026-08-03 02:37:39,org
43890003,33307,org_detail_view,,/org/33307,,2026-08-03 02:37:51,org
43890004,30756,org_detail_view,,/org/30756,,2026-08-03 02:38:03,org
43890005,30944,org_detail_view,,/org/30944,,2026-08-03 02:38:23,org
43890006,32090,org_detail_view,,/org/32090,,2026-08-03 02:38:36,org
43920001,37685,org_detail_view,,/org/37685,,2026-08-03 02:40:23,org
43920002,37685,org_detail_view,,/org/37685,,2026-08-03 02:40:27,org
43920003,33968,org_detail_view,,/org/33968,search.yahoo.co.jp,2026-08-03 02:40:35,org
43920004,37685,org_detail_view,,/org/37685,,2026-08-03 02:41:08,org
43950001,40480,org_detail_view,,/org/40480,,2026-08-03 02:43:07,org
43980001,37685,org_detail_view,,/org/37685,,2026-08-03 02:43:47,org
43980002,37685,org_detail_view,,/org/37685,,2026-08-03 02:43:56,org
44010001,35428,org_detail_view,,/org/35428,search.yahoo.co.jp,2026-08-03 02:50:34,org
44040001,30285,org_detail_view,,/org/30285,search.yahoo.co.jp,2026-08-03 02:52:52,org
44070001,34148,org_detail_view,,/org/34148,www.google.com,2026-08-03 03:00:30,org
44100001,31072,org_detail_view,,/org/31072,search.yahoo.co.jp,2026-08-03 03:04:45,org
44130001,34037,org_detail_view,,/org/34037,,2026-08-03 03:07:58,org
44160001,30429,org_detail_view,,/org/30429,search.yahoo.co.jp,2026-08-03 03:20:12,org
44190001,37034,org_detail_view,,/org/37034,,2026-08-03 03:25:32,org
44220001,33071,org_detail_view,,/org/33071,,2026-08-03 03:32:17,org
44220002,33183,org_detail_view,,/org/33183,,2026-08-03 03:32:48,org
44220003,36996,org_detail_view,,/org/36996,,2026-08-03 03:32:58,org
44250001,35124,org_detail_view,,/org/35124,www.google.com,2026-08-03 03:49:57,org
44280001,40272,org_detail_view,,/org/40272,www.google.com,2026-08-03 04:09:18,org
